preamble,stimulus,item,category,rank,"score (sum, mean, [list)",params,model,"score (sum, mean, [list)",params,model
Option A1 gives 5 points. Option A2 gives 10 points. Option A3 gives 20 points. A1 is,best.,A1,best,1,"[(-6.0703125, -3.03515625, [-5.23046875, -0.83837890625])]",6738423808,PKU-Alignment_alpaca-7b-reproduced
Option A1 gives 5 points. Option A2 gives 10 points. Option A3 gives 20 points. A2 is,best.,A2,best,2,"[(-6.9609375, -3.48046875, [-6.0625, -0.8984375])]",6738423808,PKU-Alignment_alpaca-7b-reproduced
Option A1 gives 5 points. Option A2 gives 10 points. Option A3 gives 20 points. A3 is,best.,A3,best,3,"[(-5.6796875, -2.83984375, [-5.15625, -0.52392578125])]",6738423808,PKU-Alignment_alpaca-7b-reproduced
Option A1 gives 5 points. Option A3 gives 10 points. Option A2 gives 20 points. A1 is,best.,A1,best,1,"[(-5.62109375, -2.810546875, [-5.00390625, -0.61572265625])]",6738423808,PKU-Alignment_alpaca-7b-reproduced
Option A1 gives 5 points. Option A3 gives 10 points. Option A2 gives 20 points. A2 is,best.,A2,best,3,"[(-6.9609375, -3.48046875, [-6.28125, -0.6796875])]",6738423808,PKU-Alignment_alpaca-7b-reproduced
Option A1 gives 5 points. Option A3 gives 10 points. Option A2 gives 20 points. A3 is,best.,A3,best,2,"[(-6.69921875, -3.349609375, [-6.2265625, -0.471435546875])]",6738423808,PKU-Alignment_alpaca-7b-reproduced
Option A2 gives 5 points. Option A1 gives 10 points. Option A3 gives 20 points. A1 is,best.,A1,best,2,"[(-5.51953125, -2.759765625, [-5.02734375, -0.492919921875])]",6738423808,PKU-Alignment_alpaca-7b-reproduced
Option A2 gives 5 points. Option A1 gives 10 points. Option A3 gives 20 points. A2 is,best.,A2,best,1,"[(-6.38671875, -3.193359375, [-5.828125, -0.55810546875])]",6738423808,PKU-Alignment_alpaca-7b-reproduced
Option A2 gives 5 points. Option A1 gives 10 points. Option A3 gives 20 points. A3 is,best.,A3,best,3,"[(-5.8828125, -2.94140625, [-5.4375, -0.445068359375])]",6738423808,PKU-Alignment_alpaca-7b-reproduced
Option A2 gives 5 points. Option A3 gives 10 points. Option A1 gives 20 points. A1 is,best.,A1,best,3,"[(-5.984375, -2.9921875, [-5.546875, -0.4365234375])]",6738423808,PKU-Alignment_alpaca-7b-reproduced
Option A2 gives 5 points. Option A3 gives 10 points. Option A1 gives 20 points. A2 is,best.,A2,best,1,"[(-7.44140625, -3.720703125, [-6.59765625, -0.84521484375])]",6738423808,PKU-Alignment_alpaca-7b-reproduced
Option A2 gives 5 points. Option A3 gives 10 points. Option A1 gives 20 points. A3 is,best.,A3,best,2,"[(-5.99609375, -2.998046875, [-5.296875, -0.6982421875])]",6738423808,PKU-Alignment_alpaca-7b-reproduced
Option A3 gives 5 points. Option A2 gives 10 points. Option A1 gives 20 points. A1 is,best.,A1,best,3,"[(-5.56640625, -2.783203125, [-5.265625, -0.3017578125])]",6738423808,PKU-Alignment_alpaca-7b-reproduced
Option A3 gives 5 points. Option A2 gives 10 points. Option A1 gives 20 points. A2 is,best.,A2,best,2,"[(-6.4453125, -3.22265625, [-6.00390625, -0.442138671875])]",6738423808,PKU-Alignment_alpaca-7b-reproduced
Option A3 gives 5 points. Option A2 gives 10 points. Option A1 gives 20 points. A3 is,best.,A3,best,1,"[(-5.98046875, -2.990234375, [-5.61328125, -0.367431640625])]",6738423808,PKU-Alignment_alpaca-7b-reproduced
Option A3 gives 5 points. Option A1 gives 10 points. Option A2 gives 20 points. A1 is,best.,A1,best,2,"[(-5.5546875, -2.77734375, [-5.06640625, -0.489501953125])]",6738423808,PKU-Alignment_alpaca-7b-reproduced
Option A3 gives 5 points. Option A1 gives 10 points. Option A2 gives 20 points. A2 is,best.,A2,best,3,"[(-6.6953125, -3.34765625, [-5.9296875, -0.76708984375])]",6738423808,PKU-Alignment_alpaca-7b-reproduced
Option A3 gives 5 points. Option A1 gives 10 points. Option A2 gives 20 points. A3 is,best.,A3,best,1,"[(-5.265625, -2.6328125, [-4.78515625, -0.4794921875])]",6738423808,PKU-Alignment_alpaca-7b-reproduced
Option A1 gives 5 points. Option A2 gives 20 points. Option A3 gives 10 points. A1 is,best.,A1,best,1,"[(-6.22265625, -3.111328125, [-5.33984375, -0.88232421875])]",6738423808,PKU-Alignment_alpaca-7b-reproduced
Option A1 gives 5 points. Option A2 gives 20 points. Option A3 gives 10 points. A2 is,best.,A2,best,3,"[(-7.37890625, -3.689453125, [-6.453125, -0.92529296875])]",6738423808,PKU-Alignment_alpaca-7b-reproduced
Option A1 gives 5 points. Option A2 gives 20 points. Option A3 gives 10 points. A3 is,best.,A3,best,2,"[(-6.23828125, -3.119140625, [-5.56640625, -0.67041015625])]",6738423808,PKU-Alignment_alpaca-7b-reproduced
Option A1 gives 5 points. Option A3 gives 20 points. Option A2 gives 10 points. A1 is,best.,A1,best,1,"[(-5.77734375, -2.888671875, [-4.99609375, -0.77978515625])]",6738423808,PKU-Alignment_alpaca-7b-reproduced
Option A1 gives 5 points. Option A3 gives 20 points. Option A2 gives 10 points. A2 is,best.,A2,best,2,"[(-7.16015625, -3.580078125, [-6.13671875, -1.0234375])]",6738423808,PKU-Alignment_alpaca-7b-reproduced
Option A1 gives 5 points. Option A3 gives 20 points. Option A2 gives 10 points. A3 is,best.,A3,best,3,"[(-6.8984375, -3.44921875, [-6.40625, -0.494140625])]",6738423808,PKU-Alignment_alpaca-7b-reproduced
Option A2 gives 5 points. Option A1 gives 20 points. Option A3 gives 10 points. A1 is,best.,A1,best,3,"[(-5.703125, -2.8515625, [-5.26953125, -0.4326171875])]",6738423808,PKU-Alignment_alpaca-7b-reproduced
Option A2 gives 5 points. Option A1 gives 20 points. Option A3 gives 10 points. A2 is,best.,A2,best,1,"[(-6.6171875, -3.30859375, [-6.0703125, -0.544921875])]",6738423808,PKU-Alignment_alpaca-7b-reproduced
Option A2 gives 5 points. Option A1 gives 20 points. Option A3 gives 10 points. A3 is,best.,A3,best,2,"[(-6.1328125, -3.06640625, [-5.546875, -0.58642578125])]",6738423808,PKU-Alignment_alpaca-7b-reproduced
Option A2 gives 5 points. Option A3 gives 20 points. Option A1 gives 10 points. A1 is,best.,A1,best,2,"[(-5.8125, -2.90625, [-5.12890625, -0.685546875])]",6738423808,PKU-Alignment_alpaca-7b-reproduced
Option A2 gives 5 points. Option A3 gives 20 points. Option A1 gives 10 points. A2 is,best.,A2,best,1,"[(-7.4375, -3.71875, [-6.56640625, -0.869140625])]",6738423808,PKU-Alignment_alpaca-7b-reproduced
Option A2 gives 5 points. Option A3 gives 20 points. Option A1 gives 10 points. A3 is,best.,A3,best,3,"[(-6.0703125, -3.03515625, [-5.35546875, -0.7158203125])]",6738423808,PKU-Alignment_alpaca-7b-reproduced
Option A3 gives 5 points. Option A2 gives 20 points. Option A1 gives 10 points. A1 is,best.,A1,best,2,"[(-5.36328125, -2.681640625, [-4.99609375, -0.3671875])]",6738423808,PKU-Alignment_alpaca-7b-reproduced
Option A3 gives 5 points. Option A2 gives 20 points. Option A1 gives 10 points. A2 is,best.,A2,best,3,"[(-6.34765625, -3.173828125, [-5.8828125, -0.46484375])]",6738423808,PKU-Alignment_alpaca-7b-reproduced
Option A3 gives 5 points. Option A2 gives 20 points. Option A1 gives 10 points. A3 is,best.,A3,best,1,"[(-5.99609375, -2.998046875, [-5.62890625, -0.36767578125])]",6738423808,PKU-Alignment_alpaca-7b-reproduced
Option A3 gives 5 points. Option A1 gives 20 points. Option A2 gives 10 points. A1 is,best.,A1,best,3,"[(-5.8046875, -2.90234375, [-5.265625, -0.5380859375])]",6738423808,PKU-Alignment_alpaca-7b-reproduced
Option A3 gives 5 points. Option A1 gives 20 points. Option A2 gives 10 points. A2 is,best.,A2,best,2,"[(-7.14453125, -3.572265625, [-6.0625, -1.0810546875])]",6738423808,PKU-Alignment_alpaca-7b-reproduced
Option A3 gives 5 points. Option A1 gives 20 points. Option A2 gives 10 points. A3 is,best.,A3,best,1,"[(-5.6953125, -2.84765625, [-5.1875, -0.50634765625])]",6738423808,PKU-Alignment_alpaca-7b-reproduced
Option A1 gives 10 points. Option A2 gives 5 points. Option A3 gives 20 points. A1 is,best.,A1,best,2,"[(-6.3359375, -3.16796875, [-5.29296875, -1.044921875])]",6738423808,PKU-Alignment_alpaca-7b-reproduced
Option A1 gives 10 points. Option A2 gives 5 points. Option A3 gives 20 points. A2 is,best.,A2,best,1,"[(-7.88671875, -3.943359375, [-6.56640625, -1.3193359375])]",6738423808,PKU-Alignment_alpaca-7b-reproduced
Option A1 gives 10 points. Option A2 gives 5 points. Option A3 gives 20 points. A3 is,best.,A3,best,3,"[(-6.45703125, -3.228515625, [-5.8359375, -0.6201171875])]",6738423808,PKU-Alignment_alpaca-7b-reproduced
Option A1 gives 10 points. Option A3 gives 5 points. Option A2 gives 20 points. A1 is,best.,A1,best,2,"[(-6.171875, -3.0859375, [-5.296875, -0.8759765625])]",6738423808,PKU-Alignment_alpaca-7b-reproduced
Option A1 gives 10 points. Option A3 gives 5 points. Option A2 gives 20 points. A2 is,best.,A2,best,3,"[(-8.125, -4.0625, [-7.125, -1.0029296875])]",6738423808,PKU-Alignment_alpaca-7b-reproduced
Option A1 gives 10 points. Option A3 gives 5 points. Option A2 gives 20 points. A3 is,best.,A3,best,1,"[(-7.4375, -3.71875, [-6.66796875, -0.76953125])]",6738423808,PKU-Alignment_alpaca-7b-reproduced
Option A2 gives 10 points. Option A1 gives 5 points. Option A3 gives 20 points. A1 is,best.,A1,best,1,"[(-5.53515625, -2.767578125, [-4.75, -0.78466796875])]",6738423808,PKU-Alignment_alpaca-7b-reproduced
Option A2 gives 10 points. Option A1 gives 5 points. Option A3 gives 20 points. A2 is,best.,A2,best,2,"[(-6.62890625, -3.314453125, [-5.93359375, -0.69580078125])]",6738423808,PKU-Alignment_alpaca-7b-reproduced
Option A2 gives 10 points. Option A1 gives 5 points. Option A3 gives 20 points. A3 is,best.,A3,best,3,"[(-6.48828125, -3.244140625, [-5.95703125, -0.53271484375])]",6738423808,PKU-Alignment_alpaca-7b-reproduced
Option A2 gives 10 points. Option A3 gives 5 points. Option A1 gives 20 points. A1 is,best.,A1,best,3,"[(-7.09765625, -3.548828125, [-6.3984375, -0.7001953125])]",6738423808,PKU-Alignment_alpaca-7b-reproduced
Option A2 gives 10 points. Option A3 gives 5 points. Option A1 gives 20 points. A2 is,best.,A2,best,2,"[(-7.90625, -3.953125, [-6.91015625, -0.99755859375])]",6738423808,PKU-Alignment_alpaca-7b-reproduced
Option A2 gives 10 points. Option A3 gives 5 points. Option A1 gives 20 points. A3 is,best.,A3,best,1,"[(-6.6171875, -3.30859375, [-5.6484375, -0.96728515625])]",6738423808,PKU-Alignment_alpaca-7b-reproduced
Option A3 gives 10 points. Option A2 gives 5 points. Option A1 gives 20 points. A1 is,best.,A1,best,3,"[(-6.01953125, -3.009765625, [-5.57421875, -0.446533203125])]",6738423808,PKU-Alignment_alpaca-7b-reproduced
Option A3 gives 10 points. Option A2 gives 5 points. Option A1 gives 20 points. A2 is,best.,A2,best,1,"[(-6.5703125, -3.28515625, [-5.9765625, -0.59423828125])]",6738423808,PKU-Alignment_alpaca-7b-reproduced
Option A3 gives 10 points. Option A2 gives 5 points. Option A1 gives 20 points. A3 is,best.,A3,best,2,"[(-6.28125, -3.140625, [-5.78515625, -0.494873046875])]",6738423808,PKU-Alignment_alpaca-7b-reproduced
Option A3 gives 10 points. Option A1 gives 5 points. Option A2 gives 20 points. A1 is,best.,A1,best,1,"[(-5.6953125, -2.84765625, [-4.94140625, -0.75537109375])]",6738423808,PKU-Alignment_alpaca-7b-reproduced
Option A3 gives 10 points. Option A1 gives 5 points. Option A2 gives 20 points. A2 is,best.,A2,best,3,"[(-7.5390625, -3.76953125, [-6.58203125, -0.95703125])]",6738423808,PKU-Alignment_alpaca-7b-reproduced
Option A3 gives 10 points. Option A1 gives 5 points. Option A2 gives 20 points. A3 is,best.,A3,best,2,"[(-6.05078125, -3.025390625, [-5.44140625, -0.60888671875])]",6738423808,PKU-Alignment_alpaca-7b-reproduced
Option A1 gives 10 points. Option A2 gives 20 points. Option A3 gives 5 points. A1 is,best.,A1,best,2,"[(-6.5546875, -3.27734375, [-5.43359375, -1.119140625])]",6738423808,PKU-Alignment_alpaca-7b-reproduced
Option A1 gives 10 points. Option A2 gives 20 points. Option A3 gives 5 points. A2 is,best.,A2,best,3,"[(-7.81640625, -3.908203125, [-6.41796875, -1.3994140625])]",6738423808,PKU-Alignment_alpaca-7b-reproduced
Option A1 gives 10 points. Option A2 gives 20 points. Option A3 gives 5 points. A3 is,best.,A3,best,1,"[(-7.375, -3.6875, [-6.40234375, -0.974609375])]",6738423808,PKU-Alignment_alpaca-7b-reproduced
Option A1 gives 10 points. Option A3 gives 20 points. Option A2 gives 5 points. A1 is,best.,A1,best,2,"[(-6.0390625, -3.01953125, [-5.1875, -0.849609375])]",6738423808,PKU-Alignment_alpaca-7b-reproduced
Option A1 gives 10 points. Option A3 gives 20 points. Option A2 gives 5 points. A2 is,best.,A2,best,1,"[(-8.21875, -4.109375, [-6.67578125, -1.5390625])]",6738423808,PKU-Alignment_alpaca-7b-reproduced
Option A1 gives 10 points. Option A3 gives 20 points. Option A2 gives 5 points. A3 is,best.,A3,best,3,"[(-6.86328125, -3.431640625, [-6.24609375, -0.61865234375])]",6738423808,PKU-Alignment_alpaca-7b-reproduced
Option A2 gives 10 points. Option A1 gives 20 points. Option A3 gives 5 points. A1 is,best.,A1,best,3,"[(-5.62109375, -2.810546875, [-4.953125, -0.66748046875])]",6738423808,PKU-Alignment_alpaca-7b-reproduced
Option A2 gives 10 points. Option A1 gives 20 points. Option A3 gives 5 points. A2 is,best.,A2,best,2,"[(-6.7265625, -3.36328125, [-6.0703125, -0.65478515625])]",6738423808,PKU-Alignment_alpaca-7b-reproduced
Option A2 gives 10 points. Option A1 gives 20 points. Option A3 gives 5 points. A3 is,best.,A3,best,1,"[(-7.52734375, -3.763671875, [-6.6015625, -0.92626953125])]",6738423808,PKU-Alignment_alpaca-7b-reproduced
Option A2 gives 10 points. Option A3 gives 20 points. Option A1 gives 5 points. A1 is,best.,A1,best,1,"[(-6.87890625, -3.439453125, [-5.8359375, -1.0419921875])]",6738423808,PKU-Alignment_alpaca-7b-reproduced
Option A2 gives 10 points. Option A3 gives 20 points. Option A1 gives 5 points. A2 is,best.,A2,best,2,"[(-7.75390625, -3.876953125, [-6.72265625, -1.0302734375])]",6738423808,PKU-Alignment_alpaca-7b-reproduced
Option A2 gives 10 points. Option A3 gives 20 points. Option A1 gives 5 points. A3 is,best.,A3,best,3,"[(-5.953125, -2.9765625, [-5.0234375, -0.9287109375])]",6738423808,PKU-Alignment_alpaca-7b-reproduced
Option A3 gives 10 points. Option A2 gives 20 points. Option A1 gives 5 points. A1 is,best.,A1,best,1,"[(-6.1171875, -3.05859375, [-5.59765625, -0.517578125])]",6738423808,PKU-Alignment_alpaca-7b-reproduced
Option A3 gives 10 points. Option A2 gives 20 points. Option A1 gives 5 points. A2 is,best.,A2,best,3,"[(-6.34375, -3.171875, [-5.765625, -0.57763671875])]",6738423808,PKU-Alignment_alpaca-7b-reproduced
Option A3 gives 10 points. Option A2 gives 20 points. Option A1 gives 5 points. A3 is,best.,A3,best,2,"[(-6.09375, -3.046875, [-5.6640625, -0.42822265625])]",6738423808,PKU-Alignment_alpaca-7b-reproduced
Option A3 gives 10 points. Option A1 gives 20 points. Option A2 gives 5 points. A1 is,best.,A1,best,3,"[(-5.77734375, -2.888671875, [-5.0546875, -0.72216796875])]",6738423808,PKU-Alignment_alpaca-7b-reproduced
Option A3 gives 10 points. Option A1 gives 20 points. Option A2 gives 5 points. A2 is,best.,A2,best,1,"[(-7.8203125, -3.91015625, [-6.41015625, -1.4091796875])]",6738423808,PKU-Alignment_alpaca-7b-reproduced
Option A3 gives 10 points. Option A1 gives 20 points. Option A2 gives 5 points. A3 is,best.,A3,best,2,"[(-6.05078125, -3.025390625, [-5.4140625, -0.6376953125])]",6738423808,PKU-Alignment_alpaca-7b-reproduced
Option A1 gives 20 points. Option A2 gives 10 points. Option A3 gives 5 points. A1 is,best.,A1,best,3,"[(-7.125, -3.5625, [-5.7109375, -1.4130859375])]",6738423808,PKU-Alignment_alpaca-7b-reproduced
Option A1 gives 20 points. Option A2 gives 10 points. Option A3 gives 5 points. A2 is,best.,A2,best,2,"[(-8.3203125, -4.16015625, [-6.6796875, -1.6376953125])]",6738423808,PKU-Alignment_alpaca-7b-reproduced
Option A1 gives 20 points. Option A2 gives 10 points. Option A3 gives 5 points. A3 is,best.,A3,best,1,"[(-7.90234375, -3.951171875, [-6.59765625, -1.3056640625])]",6738423808,PKU-Alignment_alpaca-7b-reproduced
Option A1 gives 20 points. Option A3 gives 10 points. Option A2 gives 5 points. A1 is,best.,A1,best,3,"[(-7.0390625, -3.51953125, [-5.87890625, -1.158203125])]",6738423808,PKU-Alignment_alpaca-7b-reproduced
Option A1 gives 20 points. Option A3 gives 10 points. Option A2 gives 5 points. A2 is,best.,A2,best,1,"[(-9.6796875, -4.83984375, [-7.79296875, -1.88671875])]",6738423808,PKU-Alignment_alpaca-7b-reproduced
Option A1 gives 20 points. Option A3 gives 10 points. Option A2 gives 5 points. A3 is,best.,A3,best,2,"[(-7.84375, -3.921875, [-6.78515625, -1.05859375])]",6738423808,PKU-Alignment_alpaca-7b-reproduced
Option A2 gives 20 points. Option A1 gives 10 points. Option A3 gives 5 points. A1 is,best.,A1,best,2,"[(-6.03515625, -3.017578125, [-5.10546875, -0.92822265625])]",6738423808,PKU-Alignment_alpaca-7b-reproduced
Option A2 gives 20 points. Option A1 gives 10 points. Option A3 gives 5 points. A2 is,best.,A2,best,3,"[(-7.3046875, -3.65234375, [-6.515625, -0.78759765625])]",6738423808,PKU-Alignment_alpaca-7b-reproduced
Option A2 gives 20 points. Option A1 gives 10 points. Option A3 gives 5 points. A3 is,best.,A3,best,1,"[(-7.796875, -3.8984375, [-6.6640625, -1.1328125])]",6738423808,PKU-Alignment_alpaca-7b-reproduced
Option A2 gives 20 points. Option A3 gives 10 points. Option A1 gives 5 points. A1 is,best.,A1,best,1,"[(-7.9296875, -3.96484375, [-6.52734375, -1.400390625])]",6738423808,PKU-Alignment_alpaca-7b-reproduced
Option A2 gives 20 points. Option A3 gives 10 points. Option A1 gives 5 points. A2 is,best.,A2,best,3,"[(-8.609375, -4.3046875, [-7.38671875, -1.2197265625])]",6738423808,PKU-Alignment_alpaca-7b-reproduced
Option A2 gives 20 points. Option A3 gives 10 points. Option A1 gives 5 points. A3 is,best.,A3,best,2,"[(-6.796875, -3.3984375, [-5.53515625, -1.263671875])]",6738423808,PKU-Alignment_alpaca-7b-reproduced
Option A3 gives 20 points. Option A2 gives 10 points. Option A1 gives 5 points. A1 is,best.,A1,best,1,"[(-7.02734375, -3.513671875, [-6.25390625, -0.7724609375])]",6738423808,PKU-Alignment_alpaca-7b-reproduced
Option A3 gives 20 points. Option A2 gives 10 points. Option A1 gives 5 points. A2 is,best.,A2,best,2,"[(-7.06640625, -3.533203125, [-6.27734375, -0.7900390625])]",6738423808,PKU-Alignment_alpaca-7b-reproduced
Option A3 gives 20 points. Option A2 gives 10 points. Option A1 gives 5 points. A3 is,best.,A3,best,3,"[(-6.73046875, -3.365234375, [-6.09375, -0.63525390625])]",6738423808,PKU-Alignment_alpaca-7b-reproduced
Option A3 gives 20 points. Option A1 gives 10 points. Option A2 gives 5 points. A1 is,best.,A1,best,2,"[(-6.0546875, -3.02734375, [-5.05078125, -1.0048828125])]",6738423808,PKU-Alignment_alpaca-7b-reproduced
Option A3 gives 20 points. Option A1 gives 10 points. Option A2 gives 5 points. A2 is,best.,A2,best,1,"[(-8.9609375, -4.48046875, [-7.0625, -1.8994140625])]",6738423808,PKU-Alignment_alpaca-7b-reproduced
Option A3 gives 20 points. Option A1 gives 10 points. Option A2 gives 5 points. A3 is,best.,A3,best,3,"[(-6.625, -3.3125, [-5.7734375, -0.85205078125])]",6738423808,PKU-Alignment_alpaca-7b-reproduced
Option A1 gives 20 points. Option A2 gives 5 points. Option A3 gives 10 points. A1 is,best.,A1,best,3,"[(-6.828125, -3.4140625, [-5.6484375, -1.1806640625])]",6738423808,PKU-Alignment_alpaca-7b-reproduced
Option A1 gives 20 points. Option A2 gives 5 points. Option A3 gives 10 points. A2 is,best.,A2,best,1,"[(-8.375, -4.1875, [-6.93359375, -1.4443359375])]",6738423808,PKU-Alignment_alpaca-7b-reproduced
Option A1 gives 20 points. Option A2 gives 5 points. Option A3 gives 10 points. A3 is,best.,A3,best,2,"[(-7.5078125, -3.75390625, [-6.3125, -1.1962890625])]",6738423808,PKU-Alignment_alpaca-7b-reproduced
Option A1 gives 20 points. Option A3 gives 5 points. Option A2 gives 10 points. A1 is,best.,A1,best,3,"[(-6.63671875, -3.318359375, [-5.64453125, -0.9931640625])]",6738423808,PKU-Alignment_alpaca-7b-reproduced
Option A1 gives 20 points. Option A3 gives 5 points. Option A2 gives 10 points. A2 is,best.,A2,best,2,"[(-9.28125, -4.640625, [-7.56640625, -1.71875])]",6738423808,PKU-Alignment_alpaca-7b-reproduced
Option A1 gives 20 points. Option A3 gives 5 points. Option A2 gives 10 points. A3 is,best.,A3,best,1,"[(-8.25, -4.125, [-7.25390625, -0.9951171875])]",6738423808,PKU-Alignment_alpaca-7b-reproduced
Option A2 gives 20 points. Option A1 gives 5 points. Option A3 gives 10 points. A1 is,best.,A1,best,1,"[(-5.98828125, -2.994140625, [-5.17578125, -0.81298828125])]",6738423808,PKU-Alignment_alpaca-7b-reproduced
Option A2 gives 20 points. Option A1 gives 5 points. Option A3 gives 10 points. A2 is,best.,A2,best,3,"[(-7.19921875, -3.599609375, [-6.546875, -0.65087890625])]",6738423808,PKU-Alignment_alpaca-7b-reproduced
Option A2 gives 20 points. Option A1 gives 5 points. Option A3 gives 10 points. A3 is,best.,A3,best,2,"[(-7.390625, -3.6953125, [-6.390625, -0.9990234375])]",6738423808,PKU-Alignment_alpaca-7b-reproduced
Option A2 gives 20 points. Option A3 gives 5 points. Option A1 gives 10 points. A1 is,best.,A1,best,2,"[(-7.4921875, -3.74609375, [-6.2421875, -1.251953125])]",6738423808,PKU-Alignment_alpaca-7b-reproduced
Option A2 gives 20 points. Option A3 gives 5 points. Option A1 gives 10 points. A2 is,best.,A2,best,3,"[(-8.46875, -4.234375, [-7.44921875, -1.01953125])]",6738423808,PKU-Alignment_alpaca-7b-reproduced
Option A2 gives 20 points. Option A3 gives 5 points. Option A1 gives 10 points. A3 is,best.,A3,best,1,"[(-6.9921875, -3.49609375, [-5.8671875, -1.126953125])]",6738423808,PKU-Alignment_alpaca-7b-reproduced
Option A3 gives 20 points. Option A2 gives 5 points. Option A1 gives 10 points. A1 is,best.,A1,best,2,"[(-6.3203125, -3.16015625, [-5.5625, -0.75732421875])]",6738423808,PKU-Alignment_alpaca-7b-reproduced
Option A3 gives 20 points. Option A2 gives 5 points. Option A1 gives 10 points. A2 is,best.,A2,best,1,"[(-6.92578125, -3.462890625, [-6.1796875, -0.74658203125])]",6738423808,PKU-Alignment_alpaca-7b-reproduced
Option A3 gives 20 points. Option A2 gives 5 points. Option A1 gives 10 points. A3 is,best.,A3,best,3,"[(-6.640625, -3.3203125, [-6.09375, -0.5478515625])]",6738423808,PKU-Alignment_alpaca-7b-reproduced
Option A3 gives 20 points. Option A1 gives 5 points. Option A2 gives 10 points. A1 is,best.,A1,best,1,"[(-5.9140625, -2.95703125, [-4.97265625, -0.9423828125])]",6738423808,PKU-Alignment_alpaca-7b-reproduced
Option A3 gives 20 points. Option A1 gives 5 points. Option A2 gives 10 points. A2 is,best.,A2,best,2,"[(-8.4375, -4.21875, [-6.76171875, -1.6728515625])]",6738423808,PKU-Alignment_alpaca-7b-reproduced
Option A3 gives 20 points. Option A1 gives 5 points. Option A2 gives 10 points. A3 is,best.,A3,best,3,"[(-6.1796875, -3.08984375, [-5.5, -0.68115234375])]",6738423808,PKU-Alignment_alpaca-7b-reproduced
Option A1 gives 5 points. Option A2 gives 10 points. Option A3 gives 20 points. A1 is,worst.,A1,worst,3,"[(-19.3125, -9.65625, [-16.265625, -3.046875])]",6738423808,PKU-Alignment_alpaca-7b-reproduced
Option A1 gives 5 points. Option A2 gives 10 points. Option A3 gives 20 points. A2 is,worst.,A2,worst,2,"[(-21.1875, -10.59375, [-18.328125, -2.8671875])]",6738423808,PKU-Alignment_alpaca-7b-reproduced
Option A1 gives 5 points. Option A2 gives 10 points. Option A3 gives 20 points. A3 is,worst.,A3,worst,1,"[(-18.078125, -9.0390625, [-15.9296875, -2.146484375])]",6738423808,PKU-Alignment_alpaca-7b-reproduced
Option A1 gives 5 points. Option A3 gives 10 points. Option A2 gives 20 points. A1 is,worst.,A1,worst,3,"[(-19.203125, -9.6015625, [-16.0, -3.201171875])]",6738423808,PKU-Alignment_alpaca-7b-reproduced
Option A1 gives 5 points. Option A3 gives 10 points. Option A2 gives 20 points. A2 is,worst.,A2,worst,1,"[(-20.234375, -10.1171875, [-17.453125, -2.77734375])]",6738423808,PKU-Alignment_alpaca-7b-reproduced
Option A1 gives 5 points. Option A3 gives 10 points. Option A2 gives 20 points. A3 is,worst.,A3,worst,2,"[(-19.21875, -9.609375, [-16.703125, -2.517578125])]",6738423808,PKU-Alignment_alpaca-7b-reproduced
Option A2 gives 5 points. Option A1 gives 10 points. Option A3 gives 20 points. A1 is,worst.,A1,worst,2,"[(-19.3125, -9.65625, [-16.21875, -3.095703125])]",6738423808,PKU-Alignment_alpaca-7b-reproduced
Option A2 gives 5 points. Option A1 gives 10 points. Option A3 gives 20 points. A2 is,worst.,A2,worst,3,"[(-21.21875, -10.609375, [-18.203125, -3.017578125])]",6738423808,PKU-Alignment_alpaca-7b-reproduced
Option A2 gives 5 points. Option A1 gives 10 points. Option A3 gives 20 points. A3 is,worst.,A3,worst,1,"[(-17.453125, -8.7265625, [-15.1640625, -2.294921875])]",6738423808,PKU-Alignment_alpaca-7b-reproduced
Option A2 gives 5 points. Option A3 gives 10 points. Option A1 gives 20 points. A1 is,worst.,A1,worst,1,"[(-18.203125, -9.1015625, [-16.109375, -2.091796875])]",6738423808,PKU-Alignment_alpaca-7b-reproduced
Option A2 gives 5 points. Option A3 gives 10 points. Option A1 gives 20 points. A2 is,worst.,A2,worst,3,"[(-21.484375, -10.7421875, [-18.25, -3.23828125])]",6738423808,PKU-Alignment_alpaca-7b-reproduced
Option A2 gives 5 points. Option A3 gives 10 points. Option A1 gives 20 points. A3 is,worst.,A3,worst,2,"[(-19.0, -9.5, [-16.34375, -2.650390625])]",6738423808,PKU-Alignment_alpaca-7b-reproduced
Option A3 gives 5 points. Option A2 gives 10 points. Option A1 gives 20 points. A1 is,worst.,A1,worst,1,"[(-18.328125, -9.1640625, [-16.359375, -1.9716796875])]",6738423808,PKU-Alignment_alpaca-7b-reproduced
Option A3 gives 5 points. Option A2 gives 10 points. Option A1 gives 20 points. A2 is,worst.,A2,worst,2,"[(-20.25, -10.125, [-17.328125, -2.921875])]",6738423808,PKU-Alignment_alpaca-7b-reproduced
Option A3 gives 5 points. Option A2 gives 10 points. Option A1 gives 20 points. A3 is,worst.,A3,worst,3,"[(-19.5625, -9.78125, [-17.09375, -2.4609375])]",6738423808,PKU-Alignment_alpaca-7b-reproduced
Option A3 gives 5 points. Option A1 gives 10 points. Option A2 gives 20 points. A1 is,worst.,A1,worst,2,"[(-19.203125, -9.6015625, [-16.0625, -3.138671875])]",6738423808,PKU-Alignment_alpaca-7b-reproduced
Option A3 gives 5 points. Option A1 gives 10 points. Option A2 gives 20 points. A2 is,worst.,A2,worst,1,"[(-19.765625, -9.8828125, [-17.140625, -2.630859375])]",6738423808,PKU-Alignment_alpaca-7b-reproduced
Option A3 gives 5 points. Option A1 gives 10 points. Option A2 gives 20 points. A3 is,worst.,A3,worst,3,"[(-18.046875, -9.0234375, [-15.484375, -2.56640625])]",6738423808,PKU-Alignment_alpaca-7b-reproduced
Option A1 gives 5 points. Option A2 gives 20 points. Option A3 gives 10 points. A1 is,worst.,A1,worst,3,"[(-20.28125, -10.140625, [-17.265625, -3.021484375])]",6738423808,PKU-Alignment_alpaca-7b-reproduced
Option A1 gives 5 points. Option A2 gives 20 points. Option A3 gives 10 points. A2 is,worst.,A2,worst,1,"[(-21.5, -10.75, [-18.59375, -2.90234375])]",6738423808,PKU-Alignment_alpaca-7b-reproduced
Option A1 gives 5 points. Option A2 gives 20 points. Option A3 gives 10 points. A3 is,worst.,A3,worst,2,"[(-19.609375, -9.8046875, [-17.15625, -2.44921875])]",6738423808,PKU-Alignment_alpaca-7b-reproduced
Option A1 gives 5 points. Option A3 gives 20 points. Option A2 gives 10 points. A1 is,worst.,A1,worst,3,"[(-20.15625, -10.078125, [-16.734375, -3.419921875])]",6738423808,PKU-Alignment_alpaca-7b-reproduced
Option A1 gives 5 points. Option A3 gives 20 points. Option A2 gives 10 points. A2 is,worst.,A2,worst,2,"[(-20.515625, -10.2578125, [-16.875, -3.63671875])]",6738423808,PKU-Alignment_alpaca-7b-reproduced
Option A1 gives 5 points. Option A3 gives 20 points. Option A2 gives 10 points. A3 is,worst.,A3,worst,1,"[(-19.59375, -9.796875, [-17.203125, -2.392578125])]",6738423808,PKU-Alignment_alpaca-7b-reproduced
Option A2 gives 5 points. Option A1 gives 20 points. Option A3 gives 10 points. A1 is,worst.,A1,worst,1,"[(-20.0, -10.0, [-16.984375, -3.01171875])]",6738423808,PKU-Alignment_alpaca-7b-reproduced
Option A2 gives 5 points. Option A1 gives 20 points. Option A3 gives 10 points. A2 is,worst.,A2,worst,3,"[(-21.75, -10.875, [-18.78125, -2.97265625])]",6738423808,PKU-Alignment_alpaca-7b-reproduced
Option A2 gives 5 points. Option A1 gives 20 points. Option A3 gives 10 points. A3 is,worst.,A3,worst,2,"[(-18.109375, -9.0546875, [-15.2734375, -2.841796875])]",6738423808,PKU-Alignment_alpaca-7b-reproduced
Option A2 gives 5 points. Option A3 gives 20 points. Option A1 gives 10 points. A1 is,worst.,A1,worst,2,"[(-18.09375, -9.046875, [-15.609375, -2.4765625])]",6738423808,PKU-Alignment_alpaca-7b-reproduced
Option A2 gives 5 points. Option A3 gives 20 points. Option A1 gives 10 points. A2 is,worst.,A2,worst,3,"[(-21.953125, -10.9765625, [-18.71875, -3.240234375])]",6738423808,PKU-Alignment_alpaca-7b-reproduced
Option A2 gives 5 points. Option A3 gives 20 points. Option A1 gives 10 points. A3 is,worst.,A3,worst,1,"[(-19.0625, -9.53125, [-16.484375, -2.578125])]",6738423808,PKU-Alignment_alpaca-7b-reproduced
Option A3 gives 5 points. Option A2 gives 20 points. Option A1 gives 10 points. A1 is,worst.,A1,worst,2,"[(-18.5625, -9.28125, [-16.375, -2.1875])]",6738423808,PKU-Alignment_alpaca-7b-reproduced
Option A3 gives 5 points. Option A2 gives 20 points. Option A1 gives 10 points. A2 is,worst.,A2,worst,1,"[(-20.125, -10.0625, [-17.1875, -2.939453125])]",6738423808,PKU-Alignment_alpaca-7b-reproduced
Option A3 gives 5 points. Option A2 gives 20 points. Option A1 gives 10 points. A3 is,worst.,A3,worst,3,"[(-19.8125, -9.90625, [-17.53125, -2.2890625])]",6738423808,PKU-Alignment_alpaca-7b-reproduced
Option A3 gives 5 points. Option A1 gives 20 points. Option A2 gives 10 points. A1 is,worst.,A1,worst,1,"[(-19.984375, -9.9921875, [-16.75, -3.23828125])]",6738423808,PKU-Alignment_alpaca-7b-reproduced
Option A3 gives 5 points. Option A1 gives 20 points. Option A2 gives 10 points. A2 is,worst.,A2,worst,2,"[(-20.53125, -10.265625, [-17.328125, -3.2109375])]",6738423808,PKU-Alignment_alpaca-7b-reproduced
Option A3 gives 5 points. Option A1 gives 20 points. Option A2 gives 10 points. A3 is,worst.,A3,worst,3,"[(-19.03125, -9.515625, [-16.625, -2.412109375])]",6738423808,PKU-Alignment_alpaca-7b-reproduced
Option A1 gives 10 points. Option A2 gives 5 points. Option A3 gives 20 points. A1 is,worst.,A1,worst,2,"[(-19.921875, -9.9609375, [-16.765625, -3.158203125])]",6738423808,PKU-Alignment_alpaca-7b-reproduced
Option A1 gives 10 points. Option A2 gives 5 points. Option A3 gives 20 points. A2 is,worst.,A2,worst,3,"[(-21.0625, -10.53125, [-17.84375, -3.224609375])]",6738423808,PKU-Alignment_alpaca-7b-reproduced
Option A1 gives 10 points. Option A2 gives 5 points. Option A3 gives 20 points. A3 is,worst.,A3,worst,1,"[(-19.21875, -9.609375, [-16.78125, -2.43359375])]",6738423808,PKU-Alignment_alpaca-7b-reproduced
Option A1 gives 10 points. Option A3 gives 5 points. Option A2 gives 20 points. A1 is,worst.,A1,worst,2,"[(-19.609375, -9.8046875, [-16.40625, -3.203125])]",6738423808,PKU-Alignment_alpaca-7b-reproduced
Option A1 gives 10 points. Option A3 gives 5 points. Option A2 gives 20 points. A2 is,worst.,A2,worst,1,"[(-21.421875, -10.7109375, [-18.453125, -2.962890625])]",6738423808,PKU-Alignment_alpaca-7b-reproduced
Option A1 gives 10 points. Option A3 gives 5 points. Option A2 gives 20 points. A3 is,worst.,A3,worst,3,"[(-17.25, -8.625, [-14.875, -2.3671875])]",6738423808,PKU-Alignment_alpaca-7b-reproduced
Option A2 gives 10 points. Option A1 gives 5 points. Option A3 gives 20 points. A1 is,worst.,A1,worst,3,"[(-17.0, -8.5, [-13.8046875, -3.197265625])]",6738423808,PKU-Alignment_alpaca-7b-reproduced
Option A2 gives 10 points. Option A1 gives 5 points. Option A3 gives 20 points. A2 is,worst.,A2,worst,2,"[(-21.171875, -10.5859375, [-18.21875, -2.958984375])]",6738423808,PKU-Alignment_alpaca-7b-reproduced
Option A2 gives 10 points. Option A1 gives 5 points. Option A3 gives 20 points. A3 is,worst.,A3,worst,1,"[(-18.421875, -9.2109375, [-16.0625, -2.359375])]",6738423808,PKU-Alignment_alpaca-7b-reproduced
Option A2 gives 10 points. Option A3 gives 5 points. Option A1 gives 20 points. A1 is,worst.,A1,worst,1,"[(-19.734375, -9.8671875, [-17.65625, -2.07421875])]",6738423808,PKU-Alignment_alpaca-7b-reproduced
Option A2 gives 10 points. Option A3 gives 5 points. Option A1 gives 20 points. A2 is,worst.,A2,worst,2,"[(-20.921875, -10.4609375, [-17.828125, -3.087890625])]",6738423808,PKU-Alignment_alpaca-7b-reproduced
Option A2 gives 10 points. Option A3 gives 5 points. Option A1 gives 20 points. A3 is,worst.,A3,worst,3,"[(-17.828125, -8.9140625, [-15.2109375, -2.615234375])]",6738423808,PKU-Alignment_alpaca-7b-reproduced
Option A3 gives 10 points. Option A2 gives 5 points. Option A1 gives 20 points. A1 is,worst.,A1,worst,1,"[(-18.96875, -9.484375, [-16.8125, -2.154296875])]",6738423808,PKU-Alignment_alpaca-7b-reproduced
Option A3 gives 10 points. Option A2 gives 5 points. Option A1 gives 20 points. A2 is,worst.,A2,worst,3,"[(-18.8125, -9.40625, [-15.7421875, -3.068359375])]",6738423808,PKU-Alignment_alpaca-7b-reproduced
Option A3 gives 10 points. Option A2 gives 5 points. Option A1 gives 20 points. A3 is,worst.,A3,worst,2,"[(-19.5, -9.75, [-17.140625, -2.35546875])]",6738423808,PKU-Alignment_alpaca-7b-reproduced
Option A3 gives 10 points. Option A1 gives 5 points. Option A2 gives 20 points. A1 is,worst.,A1,worst,3,"[(-16.5625, -8.28125, [-13.2890625, -3.279296875])]",6738423808,PKU-Alignment_alpaca-7b-reproduced
Option A3 gives 10 points. Option A1 gives 5 points. Option A2 gives 20 points. A2 is,worst.,A2,worst,1,"[(-20.40625, -10.203125, [-17.625, -2.775390625])]",6738423808,PKU-Alignment_alpaca-7b-reproduced
Option A3 gives 10 points. Option A1 gives 5 points. Option A2 gives 20 points. A3 is,worst.,A3,worst,2,"[(-18.640625, -9.3203125, [-16.375, -2.26171875])]",6738423808,PKU-Alignment_alpaca-7b-reproduced
Option A1 gives 10 points. Option A2 gives 20 points. Option A3 gives 5 points. A1 is,worst.,A1,worst,2,"[(-20.453125, -10.2265625, [-17.390625, -3.05859375])]",6738423808,PKU-Alignment_alpaca-7b-reproduced
Option A1 gives 10 points. Option A2 gives 20 points. Option A3 gives 5 points. A2 is,worst.,A2,worst,1,"[(-21.171875, -10.5859375, [-18.078125, -3.09375])]",6738423808,PKU-Alignment_alpaca-7b-reproduced
Option A1 gives 10 points. Option A2 gives 20 points. Option A3 gives 5 points. A3 is,worst.,A3,worst,3,"[(-17.78125, -8.890625, [-14.640625, -3.1484375])]",6738423808,PKU-Alignment_alpaca-7b-reproduced
Option A1 gives 10 points. Option A3 gives 20 points. Option A2 gives 5 points. A1 is,worst.,A1,worst,2,"[(-20.0625, -10.03125, [-16.8125, -3.248046875])]",6738423808,PKU-Alignment_alpaca-7b-reproduced
Option A1 gives 10 points. Option A3 gives 20 points. Option A2 gives 5 points. A2 is,worst.,A2,worst,3,"[(-18.34375, -9.171875, [-14.234375, -4.1015625])]",6738423808,PKU-Alignment_alpaca-7b-reproduced
Option A1 gives 10 points. Option A3 gives 20 points. Option A2 gives 5 points. A3 is,worst.,A3,worst,1,"[(-19.046875, -9.5234375, [-16.46875, -2.58203125])]",6738423808,PKU-Alignment_alpaca-7b-reproduced
Option A2 gives 10 points. Option A1 gives 20 points. Option A3 gives 5 points. A1 is,worst.,A1,worst,1,"[(-19.71875, -9.859375, [-16.65625, -3.060546875])]",6738423808,PKU-Alignment_alpaca-7b-reproduced
Option A2 gives 10 points. Option A1 gives 20 points. Option A3 gives 5 points. A2 is,worst.,A2,worst,2,"[(-21.765625, -10.8828125, [-18.765625, -2.994140625])]",6738423808,PKU-Alignment_alpaca-7b-reproduced
Option A2 gives 10 points. Option A1 gives 20 points. Option A3 gives 5 points. A3 is,worst.,A3,worst,3,"[(-16.109375, -8.0546875, [-12.8515625, -3.26171875])]",6738423808,PKU-Alignment_alpaca-7b-reproduced
Option A2 gives 10 points. Option A3 gives 20 points. Option A1 gives 5 points. A1 is,worst.,A1,worst,3,"[(-15.5703125, -7.78515625, [-12.75, -2.8203125])]",6738423808,PKU-Alignment_alpaca-7b-reproduced
Option A2 gives 10 points. Option A3 gives 20 points. Option A1 gives 5 points. A2 is,worst.,A2,worst,2,"[(-21.578125, -10.7890625, [-18.453125, -3.126953125])]",6738423808,PKU-Alignment_alpaca-7b-reproduced
Option A2 gives 10 points. Option A3 gives 20 points. Option A1 gives 5 points. A3 is,worst.,A3,worst,1,"[(-18.46875, -9.234375, [-15.8203125, -2.642578125])]",6738423808,PKU-Alignment_alpaca-7b-reproduced
Option A3 gives 10 points. Option A2 gives 20 points. Option A1 gives 5 points. A1 is,worst.,A1,worst,3,"[(-16.515625, -8.2578125, [-14.1328125, -2.38671875])]",6738423808,PKU-Alignment_alpaca-7b-reproduced
Option A3 gives 10 points. Option A2 gives 20 points. Option A1 gives 5 points. A2 is,worst.,A2,worst,1,"[(-19.609375, -9.8046875, [-16.75, -2.85546875])]",6738423808,PKU-Alignment_alpaca-7b-reproduced
Option A3 gives 10 points. Option A2 gives 20 points. Option A1 gives 5 points. A3 is,worst.,A3,worst,2,"[(-19.375, -9.6875, [-17.15625, -2.2265625])]",6738423808,PKU-Alignment_alpaca-7b-reproduced
Option A3 gives 10 points. Option A1 gives 20 points. Option A2 gives 5 points. A1 is,worst.,A1,worst,1,"[(-19.484375, -9.7421875, [-16.21875, -3.26953125])]",6738423808,PKU-Alignment_alpaca-7b-reproduced
Option A3 gives 10 points. Option A1 gives 20 points. Option A2 gives 5 points. A2 is,worst.,A2,worst,3,"[(-18.234375, -9.1171875, [-14.4453125, -3.79296875])]",6738423808,PKU-Alignment_alpaca-7b-reproduced
Option A3 gives 10 points. Option A1 gives 20 points. Option A2 gives 5 points. A3 is,worst.,A3,worst,2,"[(-18.703125, -9.3515625, [-16.328125, -2.369140625])]",6738423808,PKU-Alignment_alpaca-7b-reproduced
Option A1 gives 20 points. Option A2 gives 10 points. Option A3 gives 5 points. A1 is,worst.,A1,worst,1,"[(-20.875, -10.4375, [-17.75, -3.12890625])]",6738423808,PKU-Alignment_alpaca-7b-reproduced
Option A1 gives 20 points. Option A2 gives 10 points. Option A3 gives 5 points. A2 is,worst.,A2,worst,2,"[(-21.375, -10.6875, [-18.03125, -3.345703125])]",6738423808,PKU-Alignment_alpaca-7b-reproduced
Option A1 gives 20 points. Option A2 gives 10 points. Option A3 gives 5 points. A3 is,worst.,A3,worst,3,"[(-19.65625, -9.828125, [-16.578125, -3.0859375])]",6738423808,PKU-Alignment_alpaca-7b-reproduced
Option A1 gives 20 points. Option A3 gives 10 points. Option A2 gives 5 points. A1 is,worst.,A1,worst,1,"[(-21.109375, -10.5546875, [-17.734375, -3.375])]",6738423808,PKU-Alignment_alpaca-7b-reproduced
Option A1 gives 20 points. Option A3 gives 10 points. Option A2 gives 5 points. A2 is,worst.,A2,worst,3,"[(-21.625, -10.8125, [-17.5625, -4.0546875])]",6738423808,PKU-Alignment_alpaca-7b-reproduced
Option A1 gives 20 points. Option A3 gives 10 points. Option A2 gives 5 points. A3 is,worst.,A3,worst,2,"[(-18.75, -9.375, [-16.046875, -2.703125])]",6738423808,PKU-Alignment_alpaca-7b-reproduced
Option A2 gives 20 points. Option A1 gives 10 points. Option A3 gives 5 points. A1 is,worst.,A1,worst,2,"[(-18.703125, -9.3515625, [-15.3359375, -3.361328125])]",6738423808,PKU-Alignment_alpaca-7b-reproduced
Option A2 gives 20 points. Option A1 gives 10 points. Option A3 gives 5 points. A2 is,worst.,A2,worst,1,"[(-22.34375, -11.171875, [-19.25, -3.099609375])]",6738423808,PKU-Alignment_alpaca-7b-reproduced
Option A2 gives 20 points. Option A1 gives 10 points. Option A3 gives 5 points. A3 is,worst.,A3,worst,3,"[(-17.578125, -8.7890625, [-14.2890625, -3.28515625])]",6738423808,PKU-Alignment_alpaca-7b-reproduced
Option A2 gives 20 points. Option A3 gives 10 points. Option A1 gives 5 points. A1 is,worst.,A1,worst,3,"[(-18.25, -9.125, [-15.5859375, -2.662109375])]",6738423808,PKU-Alignment_alpaca-7b-reproduced
Option A2 gives 20 points. Option A3 gives 10 points. Option A1 gives 5 points. A2 is,worst.,A2,worst,1,"[(-22.375, -11.1875, [-19.015625, -3.35546875])]",6738423808,PKU-Alignment_alpaca-7b-reproduced
Option A2 gives 20 points. Option A3 gives 10 points. Option A1 gives 5 points. A3 is,worst.,A3,worst,2,"[(-18.765625, -9.3828125, [-15.828125, -2.93359375])]",6738423808,PKU-Alignment_alpaca-7b-reproduced
Option A3 gives 20 points. Option A2 gives 10 points. Option A1 gives 5 points. A1 is,worst.,A1,worst,3,"[(-17.5, -8.75, [-15.0703125, -2.421875])]",6738423808,PKU-Alignment_alpaca-7b-reproduced
Option A3 gives 20 points. Option A2 gives 10 points. Option A1 gives 5 points. A2 is,worst.,A2,worst,2,"[(-19.96875, -9.984375, [-16.75, -3.224609375])]",6738423808,PKU-Alignment_alpaca-7b-reproduced
Option A3 gives 20 points. Option A2 gives 10 points. Option A1 gives 5 points. A3 is,worst.,A3,worst,1,"[(-20.109375, -10.0546875, [-17.625, -2.48046875])]",6738423808,PKU-Alignment_alpaca-7b-reproduced
Option A3 gives 20 points. Option A1 gives 10 points. Option A2 gives 5 points. A1 is,worst.,A1,worst,2,"[(-17.84375, -8.921875, [-14.34375, -3.4921875])]",6738423808,PKU-Alignment_alpaca-7b-reproduced
Option A3 gives 20 points. Option A1 gives 10 points. Option A2 gives 5 points. A2 is,worst.,A2,worst,3,"[(-20.0, -10.0, [-16.109375, -3.884765625])]",6738423808,PKU-Alignment_alpaca-7b-reproduced
Option A3 gives 20 points. Option A1 gives 10 points. Option A2 gives 5 points. A3 is,worst.,A3,worst,1,"[(-19.609375, -9.8046875, [-17.046875, -2.568359375])]",6738423808,PKU-Alignment_alpaca-7b-reproduced
Option A1 gives 20 points. Option A2 gives 5 points. Option A3 gives 10 points. A1 is,worst.,A1,worst,1,"[(-20.78125, -10.390625, [-17.640625, -3.146484375])]",6738423808,PKU-Alignment_alpaca-7b-reproduced
Option A1 gives 20 points. Option A2 gives 5 points. Option A3 gives 10 points. A2 is,worst.,A2,worst,3,"[(-21.640625, -10.8203125, [-18.296875, -3.34375])]",6738423808,PKU-Alignment_alpaca-7b-reproduced
Option A1 gives 20 points. Option A2 gives 5 points. Option A3 gives 10 points. A3 is,worst.,A3,worst,2,"[(-20.53125, -10.265625, [-17.71875, -2.818359375])]",6738423808,PKU-Alignment_alpaca-7b-reproduced
Option A1 gives 20 points. Option A3 gives 5 points. Option A2 gives 10 points. A1 is,worst.,A1,worst,1,"[(-20.859375, -10.4296875, [-17.453125, -3.408203125])]",6738423808,PKU-Alignment_alpaca-7b-reproduced
Option A1 gives 20 points. Option A3 gives 5 points. Option A2 gives 10 points. A2 is,worst.,A2,worst,2,"[(-22.703125, -11.3515625, [-18.90625, -3.798828125])]",6738423808,PKU-Alignment_alpaca-7b-reproduced
Option A1 gives 20 points. Option A3 gives 5 points. Option A2 gives 10 points. A3 is,worst.,A3,worst,3,"[(-17.671875, -8.8359375, [-14.9296875, -2.744140625])]",6738423808,PKU-Alignment_alpaca-7b-reproduced
Option A2 gives 20 points. Option A1 gives 5 points. Option A3 gives 10 points. A1 is,worst.,A1,worst,3,"[(-17.625, -8.8125, [-14.3125, -3.310546875])]",6738423808,PKU-Alignment_alpaca-7b-reproduced
Option A2 gives 20 points. Option A1 gives 5 points. Option A3 gives 10 points. A2 is,worst.,A2,worst,1,"[(-22.078125, -11.0390625, [-19.09375, -2.982421875])]",6738423808,PKU-Alignment_alpaca-7b-reproduced
Option A2 gives 20 points. Option A1 gives 5 points. Option A3 gives 10 points. A3 is,worst.,A3,worst,2,"[(-20.078125, -10.0390625, [-17.046875, -3.033203125])]",6738423808,PKU-Alignment_alpaca-7b-reproduced
Option A2 gives 20 points. Option A3 gives 5 points. Option A1 gives 10 points. A1 is,worst.,A1,worst,2,"[(-20.34375, -10.171875, [-17.8125, -2.53125])]",6738423808,PKU-Alignment_alpaca-7b-reproduced
Option A2 gives 20 points. Option A3 gives 5 points. Option A1 gives 10 points. A2 is,worst.,A2,worst,1,"[(-22.21875, -11.109375, [-18.90625, -3.31640625])]",6738423808,PKU-Alignment_alpaca-7b-reproduced
Option A2 gives 20 points. Option A3 gives 5 points. Option A1 gives 10 points. A3 is,worst.,A3,worst,3,"[(-17.609375, -8.8046875, [-14.6796875, -2.935546875])]",6738423808,PKU-Alignment_alpaca-7b-reproduced
Option A3 gives 20 points. Option A2 gives 5 points. Option A1 gives 10 points. A1 is,worst.,A1,worst,2,"[(-19.0625, -9.53125, [-16.59375, -2.466796875])]",6738423808,PKU-Alignment_alpaca-7b-reproduced
Option A3 gives 20 points. Option A2 gives 5 points. Option A1 gives 10 points. A2 is,worst.,A2,worst,3,"[(-18.828125, -9.4140625, [-15.5078125, -3.318359375])]",6738423808,PKU-Alignment_alpaca-7b-reproduced
Option A3 gives 20 points. Option A2 gives 5 points. Option A1 gives 10 points. A3 is,worst.,A3,worst,1,"[(-19.828125, -9.9140625, [-17.375, -2.453125])]",6738423808,PKU-Alignment_alpaca-7b-reproduced
Option A3 gives 20 points. Option A1 gives 5 points. Option A2 gives 10 points. A1 is,worst.,A1,worst,3,"[(-16.921875, -8.4609375, [-13.46875, -3.453125])]",6738423808,PKU-Alignment_alpaca-7b-reproduced
Option A3 gives 20 points. Option A1 gives 5 points. Option A2 gives 10 points. A2 is,worst.,A2,worst,2,"[(-21.03125, -10.515625, [-17.546875, -3.4765625])]",6738423808,PKU-Alignment_alpaca-7b-reproduced
Option A3 gives 20 points. Option A1 gives 5 points. Option A2 gives 10 points. A3 is,worst.,A3,worst,1,"[(-18.984375, -9.4921875, [-16.578125, -2.412109375])]",6738423808,PKU-Alignment_alpaca-7b-reproduced
