preamble,stimulus,item,category,rank,"score (sum, mean, [list)",params,model,"score (sum, mean, [list)",params,model,"score (sum, mean, [list)",params,model,"score (sum, mean, [list)",params,model,"score (sum, mean, [list)",params,model,"score (sum, mean, [list)",params,model,"score (sum, mean, [list)",params,model,"score (sum, mean, [list)",params,model,"score (sum, mean, [list)",params,model,"score (sum, mean, [list)",params,model,"score (sum, mean, [list)",params,model,"score (sum, mean, [list)",params,model
Option A1 gives 5 points. Option A2 gives 10 points. Option A3 gives 20 points. A1 is,best.,A1,best,1,"[(-6.87890625, -3.439453125, [-5.34765625, -1.53125])]",7241732096,mistralai_Mistral-7B-v0.1
Option A1 gives 5 points. Option A2 gives 10 points. Option A3 gives 20 points. A2 is,best.,A2,best,2,"[(-4.984375, -2.4921875, [-4.0859375, -0.89990234375])]",7241732096,mistralai_Mistral-7B-v0.1
Option A1 gives 5 points. Option A2 gives 10 points. Option A3 gives 20 points. A3 is,best.,A3,best,3,"[(-4.80859375, -2.404296875, [-4.01953125, -0.7900390625])]",7241732096,mistralai_Mistral-7B-v0.1
Option A1 gives 5 points. Option A3 gives 10 points. Option A2 gives 20 points. A1 is,best.,A1,best,1,"[(-6.00390625, -3.001953125, [-4.76953125, -1.234375])]",7241732096,mistralai_Mistral-7B-v0.1
Option A1 gives 5 points. Option A3 gives 10 points. Option A2 gives 20 points. A2 is,best.,A2,best,3,"[(-4.7421875, -2.37109375, [-3.953125, -0.787109375])]",7241732096,mistralai_Mistral-7B-v0.1
Option A1 gives 5 points. Option A3 gives 10 points. Option A2 gives 20 points. A3 is,best.,A3,best,2,"[(-4.70703125, -2.353515625, [-3.8671875, -0.84130859375])]",7241732096,mistralai_Mistral-7B-v0.1
Option A2 gives 5 points. Option A1 gives 10 points. Option A3 gives 20 points. A1 is,best.,A1,best,2,"[(-5.140625, -2.5703125, [-4.12890625, -1.01171875])]",7241732096,mistralai_Mistral-7B-v0.1
Option A2 gives 5 points. Option A1 gives 10 points. Option A3 gives 20 points. A2 is,best.,A2,best,1,"[(-5.59375, -2.796875, [-4.48828125, -1.1064453125])]",7241732096,mistralai_Mistral-7B-v0.1
Option A2 gives 5 points. Option A1 gives 10 points. Option A3 gives 20 points. A3 is,best.,A3,best,3,"[(-4.7734375, -2.38671875, [-3.96484375, -0.8076171875])]",7241732096,mistralai_Mistral-7B-v0.1
Option A2 gives 5 points. Option A3 gives 10 points. Option A1 gives 20 points. A1 is,best.,A1,best,3,"[(-5.15625, -2.578125, [-4.19140625, -0.96533203125])]",7241732096,mistralai_Mistral-7B-v0.1
Option A2 gives 5 points. Option A3 gives 10 points. Option A1 gives 20 points. A2 is,best.,A2,best,1,"[(-5.546875, -2.7734375, [-4.45703125, -1.0908203125])]",7241732096,mistralai_Mistral-7B-v0.1
Option A2 gives 5 points. Option A3 gives 10 points. Option A1 gives 20 points. A3 is,best.,A3,best,2,"[(-4.6015625, -2.30078125, [-3.7421875, -0.8603515625])]",7241732096,mistralai_Mistral-7B-v0.1
Option A3 gives 5 points. Option A2 gives 10 points. Option A1 gives 20 points. A1 is,best.,A1,best,3,"[(-4.8671875, -2.43359375, [-3.970703125, -0.89501953125])]",7241732096,mistralai_Mistral-7B-v0.1
Option A3 gives 5 points. Option A2 gives 10 points. Option A1 gives 20 points. A2 is,best.,A2,best,2,"[(-5.203125, -2.6015625, [-4.23828125, -0.96435546875])]",7241732096,mistralai_Mistral-7B-v0.1
Option A3 gives 5 points. Option A2 gives 10 points. Option A1 gives 20 points. A3 is,best.,A3,best,1,"[(-5.8515625, -2.92578125, [-4.7421875, -1.1103515625])]",7241732096,mistralai_Mistral-7B-v0.1
Option A3 gives 5 points. Option A1 gives 10 points. Option A2 gives 20 points. A1 is,best.,A1,best,2,"[(-5.22265625, -2.611328125, [-4.171875, -1.05078125])]",7241732096,mistralai_Mistral-7B-v0.1
Option A3 gives 5 points. Option A1 gives 10 points. Option A2 gives 20 points. A2 is,best.,A2,best,3,"[(-4.78125, -2.390625, [-3.91796875, -0.86181640625])]",7241732096,mistralai_Mistral-7B-v0.1
Option A3 gives 5 points. Option A1 gives 10 points. Option A2 gives 20 points. A3 is,best.,A3,best,1,"[(-5.80859375, -2.904296875, [-4.671875, -1.1376953125])]",7241732096,mistralai_Mistral-7B-v0.1
Option A1 gives 5 points. Option A2 gives 20 points. Option A3 gives 10 points. A1 is,best.,A1,best,1,"[(-5.703125, -2.8515625, [-4.58203125, -1.12109375])]",7241732096,mistralai_Mistral-7B-v0.1
Option A1 gives 5 points. Option A2 gives 20 points. Option A3 gives 10 points. A2 is,best.,A2,best,3,"[(-4.56640625, -2.283203125, [-3.724609375, -0.8408203125])]",7241732096,mistralai_Mistral-7B-v0.1
Option A1 gives 5 points. Option A2 gives 20 points. Option A3 gives 10 points. A3 is,best.,A3,best,2,"[(-4.6953125, -2.34765625, [-3.880859375, -0.814453125])]",7241732096,mistralai_Mistral-7B-v0.1
Option A1 gives 5 points. Option A3 gives 20 points. Option A2 gives 10 points. A1 is,best.,A1,best,1,"[(-5.375, -2.6875, [-4.38671875, -0.98681640625])]",7241732096,mistralai_Mistral-7B-v0.1
Option A1 gives 5 points. Option A3 gives 20 points. Option A2 gives 10 points. A2 is,best.,A2,best,2,"[(-4.921875, -2.4609375, [-4.07421875, -0.8466796875])]",7241732096,mistralai_Mistral-7B-v0.1
Option A1 gives 5 points. Option A3 gives 20 points. Option A2 gives 10 points. A3 is,best.,A3,best,3,"[(-4.625, -2.3125, [-3.8125, -0.81298828125])]",7241732096,mistralai_Mistral-7B-v0.1
Option A2 gives 5 points. Option A1 gives 20 points. Option A3 gives 10 points. A1 is,best.,A1,best,3,"[(-4.921875, -2.4609375, [-3.98046875, -0.94189453125])]",7241732096,mistralai_Mistral-7B-v0.1
Option A2 gives 5 points. Option A1 gives 20 points. Option A3 gives 10 points. A2 is,best.,A2,best,1,"[(-5.12890625, -2.564453125, [-4.1796875, -0.94921875])]",7241732096,mistralai_Mistral-7B-v0.1
Option A2 gives 5 points. Option A1 gives 20 points. Option A3 gives 10 points. A3 is,best.,A3,best,2,"[(-4.953125, -2.4765625, [-4.08984375, -0.86181640625])]",7241732096,mistralai_Mistral-7B-v0.1
Option A2 gives 5 points. Option A3 gives 20 points. Option A1 gives 10 points. A1 is,best.,A1,best,2,"[(-5.3671875, -2.68359375, [-4.3671875, -1.0])]",7241732096,mistralai_Mistral-7B-v0.1
Option A2 gives 5 points. Option A3 gives 20 points. Option A1 gives 10 points. A2 is,best.,A2,best,1,"[(-4.9140625, -2.45703125, [-3.97265625, -0.94189453125])]",7241732096,mistralai_Mistral-7B-v0.1
Option A2 gives 5 points. Option A3 gives 20 points. Option A1 gives 10 points. A3 is,best.,A3,best,3,"[(-4.58203125, -2.291015625, [-3.75390625, -0.8291015625])]",7241732096,mistralai_Mistral-7B-v0.1
Option A3 gives 5 points. Option A2 gives 20 points. Option A1 gives 10 points. A1 is,best.,A1,best,2,"[(-5.52734375, -2.763671875, [-4.515625, -1.0126953125])]",7241732096,mistralai_Mistral-7B-v0.1
Option A3 gives 5 points. Option A2 gives 20 points. Option A1 gives 10 points. A2 is,best.,A2,best,3,"[(-4.76171875, -2.380859375, [-3.91796875, -0.84521484375])]",7241732096,mistralai_Mistral-7B-v0.1
Option A3 gives 5 points. Option A2 gives 20 points. Option A1 gives 10 points. A3 is,best.,A3,best,1,"[(-5.23046875, -2.615234375, [-4.3046875, -0.92529296875])]",7241732096,mistralai_Mistral-7B-v0.1
Option A3 gives 5 points. Option A1 gives 20 points. Option A2 gives 10 points. A1 is,best.,A1,best,3,"[(-5.08984375, -2.544921875, [-4.07421875, -1.015625])]",7241732096,mistralai_Mistral-7B-v0.1
Option A3 gives 5 points. Option A1 gives 20 points. Option A2 gives 10 points. A2 is,best.,A2,best,2,"[(-5.16015625, -2.580078125, [-4.21484375, -0.94580078125])]",7241732096,mistralai_Mistral-7B-v0.1
Option A3 gives 5 points. Option A1 gives 20 points. Option A2 gives 10 points. A3 is,best.,A3,best,1,"[(-5.4453125, -2.72265625, [-4.44921875, -0.994140625])]",7241732096,mistralai_Mistral-7B-v0.1
Option A1 gives 10 points. Option A2 gives 5 points. Option A3 gives 20 points. A1 is,best.,A1,best,2,"[(-5.59765625, -2.798828125, [-4.49609375, -1.1015625])]",7241732096,mistralai_Mistral-7B-v0.1
Option A1 gives 10 points. Option A2 gives 5 points. Option A3 gives 20 points. A2 is,best.,A2,best,1,"[(-5.4296875, -2.71484375, [-4.5, -0.93115234375])]",7241732096,mistralai_Mistral-7B-v0.1
Option A1 gives 10 points. Option A2 gives 5 points. Option A3 gives 20 points. A3 is,best.,A3,best,3,"[(-4.62109375, -2.310546875, [-3.888671875, -0.732421875])]",7241732096,mistralai_Mistral-7B-v0.1
Option A1 gives 10 points. Option A3 gives 5 points. Option A2 gives 20 points. A1 is,best.,A1,best,2,"[(-4.9140625, -2.45703125, [-3.94140625, -0.97265625])]",7241732096,mistralai_Mistral-7B-v0.1
Option A1 gives 10 points. Option A3 gives 5 points. Option A2 gives 20 points. A2 is,best.,A2,best,3,"[(-4.5, -2.25, [-3.740234375, -0.75830078125])]",7241732096,mistralai_Mistral-7B-v0.1
Option A1 gives 10 points. Option A3 gives 5 points. Option A2 gives 20 points. A3 is,best.,A3,best,1,"[(-5.34765625, -2.673828125, [-4.44140625, -0.90673828125])]",7241732096,mistralai_Mistral-7B-v0.1
Option A2 gives 10 points. Option A1 gives 5 points. Option A3 gives 20 points. A1 is,best.,A1,best,1,"[(-6.078125, -3.0390625, [-4.94140625, -1.134765625])]",7241732096,mistralai_Mistral-7B-v0.1
Option A2 gives 10 points. Option A1 gives 5 points. Option A3 gives 20 points. A2 is,best.,A2,best,2,"[(-4.46484375, -2.232421875, [-3.6015625, -0.8642578125])]",7241732096,mistralai_Mistral-7B-v0.1
Option A2 gives 10 points. Option A1 gives 5 points. Option A3 gives 20 points. A3 is,best.,A3,best,3,"[(-4.6171875, -2.30859375, [-3.85546875, -0.76171875])]",7241732096,mistralai_Mistral-7B-v0.1
Option A2 gives 10 points. Option A3 gives 5 points. Option A1 gives 20 points. A1 is,best.,A1,best,3,"[(-4.91796875, -2.458984375, [-3.998046875, -0.92138671875])]",7241732096,mistralai_Mistral-7B-v0.1
Option A2 gives 10 points. Option A3 gives 5 points. Option A1 gives 20 points. A2 is,best.,A2,best,2,"[(-4.8125, -2.40625, [-3.869140625, -0.94189453125])]",7241732096,mistralai_Mistral-7B-v0.1
Option A2 gives 10 points. Option A3 gives 5 points. Option A1 gives 20 points. A3 is,best.,A3,best,1,"[(-5.22265625, -2.611328125, [-4.3046875, -0.91943359375])]",7241732096,mistralai_Mistral-7B-v0.1
Option A3 gives 10 points. Option A2 gives 5 points. Option A1 gives 20 points. A1 is,best.,A1,best,3,"[(-5.1328125, -2.56640625, [-4.21875, -0.91357421875])]",7241732096,mistralai_Mistral-7B-v0.1
Option A3 gives 10 points. Option A2 gives 5 points. Option A1 gives 20 points. A2 is,best.,A2,best,1,"[(-5.87109375, -2.935546875, [-4.82421875, -1.0458984375])]",7241732096,mistralai_Mistral-7B-v0.1
Option A3 gives 10 points. Option A2 gives 5 points. Option A1 gives 20 points. A3 is,best.,A3,best,2,"[(-4.87109375, -2.435546875, [-3.986328125, -0.88623046875])]",7241732096,mistralai_Mistral-7B-v0.1
Option A3 gives 10 points. Option A1 gives 5 points. Option A2 gives 20 points. A1 is,best.,A1,best,1,"[(-6.13671875, -3.068359375, [-5.00390625, -1.1328125])]",7241732096,mistralai_Mistral-7B-v0.1
Option A3 gives 10 points. Option A1 gives 5 points. Option A2 gives 20 points. A2 is,best.,A2,best,3,"[(-4.77734375, -2.388671875, [-3.939453125, -0.83935546875])]",7241732096,mistralai_Mistral-7B-v0.1
Option A3 gives 10 points. Option A1 gives 5 points. Option A2 gives 20 points. A3 is,best.,A3,best,2,"[(-4.8125, -2.40625, [-3.92578125, -0.8876953125])]",7241732096,mistralai_Mistral-7B-v0.1
Option A1 gives 10 points. Option A2 gives 20 points. Option A3 gives 5 points. A1 is,best.,A1,best,2,"[(-6.15625, -3.078125, [-4.92578125, -1.23046875])]",7241732096,mistralai_Mistral-7B-v0.1
Option A1 gives 10 points. Option A2 gives 20 points. Option A3 gives 5 points. A2 is,best.,A2,best,3,"[(-4.765625, -2.3828125, [-3.87109375, -0.89306640625])]",7241732096,mistralai_Mistral-7B-v0.1
Option A1 gives 10 points. Option A2 gives 20 points. Option A3 gives 5 points. A3 is,best.,A3,best,1,"[(-5.63671875, -2.818359375, [-4.73828125, -0.89892578125])]",7241732096,mistralai_Mistral-7B-v0.1
Option A1 gives 10 points. Option A3 gives 20 points. Option A2 gives 5 points. A1 is,best.,A1,best,2,"[(-5.27734375, -2.638671875, [-4.23828125, -1.0380859375])]",7241732096,mistralai_Mistral-7B-v0.1
Option A1 gives 10 points. Option A3 gives 20 points. Option A2 gives 5 points. A2 is,best.,A2,best,1,"[(-5.37109375, -2.685546875, [-4.4609375, -0.91064453125])]",7241732096,mistralai_Mistral-7B-v0.1
Option A1 gives 10 points. Option A3 gives 20 points. Option A2 gives 5 points. A3 is,best.,A3,best,3,"[(-4.58984375, -2.294921875, [-3.75, -0.84130859375])]",7241732096,mistralai_Mistral-7B-v0.1
Option A2 gives 10 points. Option A1 gives 20 points. Option A3 gives 5 points. A1 is,best.,A1,best,3,"[(-5.0234375, -2.51171875, [-4.015625, -1.0068359375])]",7241732096,mistralai_Mistral-7B-v0.1
Option A2 gives 10 points. Option A1 gives 20 points. Option A3 gives 5 points. A2 is,best.,A2,best,2,"[(-5.0546875, -2.52734375, [-4.1015625, -0.9541015625])]",7241732096,mistralai_Mistral-7B-v0.1
Option A2 gives 10 points. Option A1 gives 20 points. Option A3 gives 5 points. A3 is,best.,A3,best,1,"[(-5.6484375, -2.82421875, [-4.7421875, -0.90625])]",7241732096,mistralai_Mistral-7B-v0.1
Option A2 gives 10 points. Option A3 gives 20 points. Option A1 gives 5 points. A1 is,best.,A1,best,1,"[(-5.9296875, -2.96484375, [-4.8515625, -1.078125])]",7241732096,mistralai_Mistral-7B-v0.1
Option A2 gives 10 points. Option A3 gives 20 points. Option A1 gives 5 points. A2 is,best.,A2,best,2,"[(-4.9609375, -2.48046875, [-3.984375, -0.97509765625])]",7241732096,mistralai_Mistral-7B-v0.1
Option A2 gives 10 points. Option A3 gives 20 points. Option A1 gives 5 points. A3 is,best.,A3,best,3,"[(-4.4375, -2.21875, [-3.59765625, -0.83837890625])]",7241732096,mistralai_Mistral-7B-v0.1
Option A3 gives 10 points. Option A2 gives 20 points. Option A1 gives 5 points. A1 is,best.,A1,best,1,"[(-6.2890625, -3.14453125, [-5.1484375, -1.140625])]",7241732096,mistralai_Mistral-7B-v0.1
Option A3 gives 10 points. Option A2 gives 20 points. Option A1 gives 5 points. A2 is,best.,A2,best,3,"[(-4.80078125, -2.400390625, [-3.912109375, -0.8896484375])]",7241732096,mistralai_Mistral-7B-v0.1
Option A3 gives 10 points. Option A2 gives 20 points. Option A1 gives 5 points. A3 is,best.,A3,best,2,"[(-5.30859375, -2.654296875, [-4.34375, -0.96630859375])]",7241732096,mistralai_Mistral-7B-v0.1
Option A3 gives 10 points. Option A1 gives 20 points. Option A2 gives 5 points. A1 is,best.,A1,best,3,"[(-5.171875, -2.5859375, [-4.1015625, -1.068359375])]",7241732096,mistralai_Mistral-7B-v0.1
Option A3 gives 10 points. Option A1 gives 20 points. Option A2 gives 5 points. A2 is,best.,A2,best,1,"[(-5.5546875, -2.77734375, [-4.59765625, -0.955078125])]",7241732096,mistralai_Mistral-7B-v0.1
Option A3 gives 10 points. Option A1 gives 20 points. Option A2 gives 5 points. A3 is,best.,A3,best,2,"[(-5.2578125, -2.62890625, [-4.28125, -0.97705078125])]",7241732096,mistralai_Mistral-7B-v0.1
Option A1 gives 20 points. Option A2 gives 10 points. Option A3 gives 5 points. A1 is,best.,A1,best,3,"[(-5.72265625, -2.861328125, [-4.56640625, -1.15625])]",7241732096,mistralai_Mistral-7B-v0.1
Option A1 gives 20 points. Option A2 gives 10 points. Option A3 gives 5 points. A2 is,best.,A2,best,2,"[(-5.6953125, -2.84765625, [-4.6015625, -1.091796875])]",7241732096,mistralai_Mistral-7B-v0.1
Option A1 gives 20 points. Option A2 gives 10 points. Option A3 gives 5 points. A3 is,best.,A3,best,1,"[(-5.63671875, -2.818359375, [-4.69921875, -0.93896484375])]",7241732096,mistralai_Mistral-7B-v0.1
Option A1 gives 20 points. Option A3 gives 10 points. Option A2 gives 5 points. A1 is,best.,A1,best,3,"[(-4.5390625, -2.26953125, [-3.625, -0.9140625])]",7241732096,mistralai_Mistral-7B-v0.1
Option A1 gives 20 points. Option A3 gives 10 points. Option A2 gives 5 points. A2 is,best.,A2,best,1,"[(-5.44140625, -2.720703125, [-4.48828125, -0.9521484375])]",7241732096,mistralai_Mistral-7B-v0.1
Option A1 gives 20 points. Option A3 gives 10 points. Option A2 gives 5 points. A3 is,best.,A3,best,2,"[(-5.4140625, -2.70703125, [-4.4375, -0.9755859375])]",7241732096,mistralai_Mistral-7B-v0.1
Option A2 gives 20 points. Option A1 gives 10 points. Option A3 gives 5 points. A1 is,best.,A1,best,2,"[(-6.2265625, -3.11328125, [-4.96875, -1.2578125])]",7241732096,mistralai_Mistral-7B-v0.1
Option A2 gives 20 points. Option A1 gives 10 points. Option A3 gives 5 points. A2 is,best.,A2,best,3,"[(-4.55859375, -2.279296875, [-3.677734375, -0.88037109375])]",7241732096,mistralai_Mistral-7B-v0.1
Option A2 gives 20 points. Option A1 gives 10 points. Option A3 gives 5 points. A3 is,best.,A3,best,1,"[(-5.71875, -2.859375, [-4.75390625, -0.962890625])]",7241732096,mistralai_Mistral-7B-v0.1
Option A2 gives 20 points. Option A3 gives 10 points. Option A1 gives 5 points. A1 is,best.,A1,best,1,"[(-6.28125, -3.140625, [-5.0859375, -1.193359375])]",7241732096,mistralai_Mistral-7B-v0.1
Option A2 gives 20 points. Option A3 gives 10 points. Option A1 gives 5 points. A2 is,best.,A2,best,3,"[(-4.4375, -2.21875, [-3.5078125, -0.9306640625])]",7241732096,mistralai_Mistral-7B-v0.1
Option A2 gives 20 points. Option A3 gives 10 points. Option A1 gives 5 points. A3 is,best.,A3,best,2,"[(-4.94140625, -2.470703125, [-3.99609375, -0.94384765625])]",7241732096,mistralai_Mistral-7B-v0.1
Option A3 gives 20 points. Option A2 gives 10 points. Option A1 gives 5 points. A1 is,best.,A1,best,1,"[(-7.1015625, -3.55078125, [-5.5625, -1.5400390625])]",7241732096,mistralai_Mistral-7B-v0.1
Option A3 gives 20 points. Option A2 gives 10 points. Option A1 gives 5 points. A2 is,best.,A2,best,2,"[(-5.953125, -2.9765625, [-4.75, -1.2041015625])]",7241732096,mistralai_Mistral-7B-v0.1
Option A3 gives 20 points. Option A2 gives 10 points. Option A1 gives 5 points. A3 is,best.,A3,best,3,"[(-4.7109375, -2.35546875, [-3.841796875, -0.86962890625])]",7241732096,mistralai_Mistral-7B-v0.1
Option A3 gives 20 points. Option A1 gives 10 points. Option A2 gives 5 points. A1 is,best.,A1,best,2,"[(-6.328125, -3.1640625, [-5.0625, -1.267578125])]",7241732096,mistralai_Mistral-7B-v0.1
Option A3 gives 20 points. Option A1 gives 10 points. Option A2 gives 5 points. A2 is,best.,A2,best,1,"[(-5.734375, -2.8671875, [-4.7109375, -1.025390625])]",7241732096,mistralai_Mistral-7B-v0.1
Option A3 gives 20 points. Option A1 gives 10 points. Option A2 gives 5 points. A3 is,best.,A3,best,3,"[(-4.65625, -2.328125, [-3.8125, -0.845703125])]",7241732096,mistralai_Mistral-7B-v0.1
Option A1 gives 20 points. Option A2 gives 5 points. Option A3 gives 10 points. A1 is,best.,A1,best,3,"[(-5.43359375, -2.716796875, [-4.3984375, -1.0341796875])]",7241732096,mistralai_Mistral-7B-v0.1
Option A1 gives 20 points. Option A2 gives 5 points. Option A3 gives 10 points. A2 is,best.,A2,best,1,"[(-5.515625, -2.7578125, [-4.625, -0.88916015625])]",7241732096,mistralai_Mistral-7B-v0.1
Option A1 gives 20 points. Option A2 gives 5 points. Option A3 gives 10 points. A3 is,best.,A3,best,2,"[(-4.48828125, -2.244140625, [-3.748046875, -0.7392578125])]",7241732096,mistralai_Mistral-7B-v0.1
Option A1 gives 20 points. Option A3 gives 5 points. Option A2 gives 10 points. A1 is,best.,A1,best,3,"[(-4.41015625, -2.205078125, [-3.552734375, -0.85595703125])]",7241732096,mistralai_Mistral-7B-v0.1
Option A1 gives 20 points. Option A3 gives 5 points. Option A2 gives 10 points. A2 is,best.,A2,best,2,"[(-4.4453125, -2.22265625, [-3.6953125, -0.74853515625])]",7241732096,mistralai_Mistral-7B-v0.1
Option A1 gives 20 points. Option A3 gives 5 points. Option A2 gives 10 points. A3 is,best.,A3,best,1,"[(-5.2265625, -2.61328125, [-4.39453125, -0.8310546875])]",7241732096,mistralai_Mistral-7B-v0.1
Option A2 gives 20 points. Option A1 gives 5 points. Option A3 gives 10 points. A1 is,best.,A1,best,1,"[(-6.0390625, -3.01953125, [-4.98046875, -1.0595703125])]",7241732096,mistralai_Mistral-7B-v0.1
Option A2 gives 20 points. Option A1 gives 5 points. Option A3 gives 10 points. A2 is,best.,A2,best,3,"[(-4.390625, -2.1953125, [-3.580078125, -0.8095703125])]",7241732096,mistralai_Mistral-7B-v0.1
Option A2 gives 20 points. Option A1 gives 5 points. Option A3 gives 10 points. A3 is,best.,A3,best,2,"[(-4.48046875, -2.240234375, [-3.716796875, -0.7646484375])]",7241732096,mistralai_Mistral-7B-v0.1
Option A2 gives 20 points. Option A3 gives 5 points. Option A1 gives 10 points. A1 is,best.,A1,best,2,"[(-4.75390625, -2.376953125, [-3.841796875, -0.91259765625])]",7241732096,mistralai_Mistral-7B-v0.1
Option A2 gives 20 points. Option A3 gives 5 points. Option A1 gives 10 points. A2 is,best.,A2,best,3,"[(-4.40234375, -2.201171875, [-3.53515625, -0.86669921875])]",7241732096,mistralai_Mistral-7B-v0.1
Option A2 gives 20 points. Option A3 gives 5 points. Option A1 gives 10 points. A3 is,best.,A3,best,1,"[(-5.125, -2.5625, [-4.26171875, -0.865234375])]",7241732096,mistralai_Mistral-7B-v0.1
Option A3 gives 20 points. Option A2 gives 5 points. Option A1 gives 10 points. A1 is,best.,A1,best,2,"[(-4.9453125, -2.47265625, [-4.0078125, -0.9375])]",7241732096,mistralai_Mistral-7B-v0.1
Option A3 gives 20 points. Option A2 gives 5 points. Option A1 gives 10 points. A2 is,best.,A2,best,1,"[(-5.7578125, -2.87890625, [-4.76953125, -0.98681640625])]",7241732096,mistralai_Mistral-7B-v0.1
Option A3 gives 20 points. Option A2 gives 5 points. Option A1 gives 10 points. A3 is,best.,A3,best,3,"[(-4.55859375, -2.279296875, [-3.7421875, -0.8154296875])]",7241732096,mistralai_Mistral-7B-v0.1
Option A3 gives 20 points. Option A1 gives 5 points. Option A2 gives 10 points. A1 is,best.,A1,best,1,"[(-6.23828125, -3.119140625, [-5.125, -1.11328125])]",7241732096,mistralai_Mistral-7B-v0.1
Option A3 gives 20 points. Option A1 gives 5 points. Option A2 gives 10 points. A2 is,best.,A2,best,2,"[(-4.8515625, -2.42578125, [-3.9921875, -0.85791015625])]",7241732096,mistralai_Mistral-7B-v0.1
Option A3 gives 20 points. Option A1 gives 5 points. Option A2 gives 10 points. A3 is,best.,A3,best,3,"[(-4.5390625, -2.26953125, [-3.740234375, -0.79736328125])]",7241732096,mistralai_Mistral-7B-v0.1
Option A1 gives 5 points. Option A2 gives 10 points. Option A3 gives 20 points. A1 is,worst.,A1,worst,3,"[(-10.4375, -5.21875, [-8.546875, -1.88671875])]",7241732096,mistralai_Mistral-7B-v0.1
Option A1 gives 5 points. Option A2 gives 10 points. Option A3 gives 20 points. A2 is,worst.,A2,worst,2,"[(-11.671875, -5.8359375, [-9.859375, -1.814453125])]",7241732096,mistralai_Mistral-7B-v0.1
Option A1 gives 5 points. Option A2 gives 10 points. Option A3 gives 20 points. A3 is,worst.,A3,worst,1,"[(-10.59375, -5.296875, [-9.171875, -1.42578125])]",7241732096,mistralai_Mistral-7B-v0.1
Option A1 gives 5 points. Option A3 gives 10 points. Option A2 gives 20 points. A1 is,worst.,A1,worst,3,"[(-9.078125, -4.5390625, [-7.453125, -1.623046875])]",7241732096,mistralai_Mistral-7B-v0.1
Option A1 gives 5 points. Option A3 gives 10 points. Option A2 gives 20 points. A2 is,worst.,A2,worst,1,"[(-10.3828125, -5.19140625, [-9.0, -1.3828125])]",7241732096,mistralai_Mistral-7B-v0.1
Option A1 gives 5 points. Option A3 gives 10 points. Option A2 gives 20 points. A3 is,worst.,A3,worst,2,"[(-10.34375, -5.171875, [-8.7890625, -1.552734375])]",7241732096,mistralai_Mistral-7B-v0.1
Option A2 gives 5 points. Option A1 gives 10 points. Option A3 gives 20 points. A1 is,worst.,A1,worst,2,"[(-10.453125, -5.2265625, [-8.75, -1.7041015625])]",7241732096,mistralai_Mistral-7B-v0.1
Option A2 gives 5 points. Option A1 gives 10 points. Option A3 gives 20 points. A2 is,worst.,A2,worst,3,"[(-9.515625, -4.7578125, [-7.9140625, -1.6025390625])]",7241732096,mistralai_Mistral-7B-v0.1
Option A2 gives 5 points. Option A1 gives 10 points. Option A3 gives 20 points. A3 is,worst.,A3,worst,1,"[(-10.109375, -5.0546875, [-8.7578125, -1.35546875])]",7241732096,mistralai_Mistral-7B-v0.1
Option A2 gives 5 points. Option A3 gives 10 points. Option A1 gives 20 points. A1 is,worst.,A1,worst,1,"[(-9.984375, -4.9921875, [-8.40625, -1.578125])]",7241732096,mistralai_Mistral-7B-v0.1
Option A2 gives 5 points. Option A3 gives 10 points. Option A1 gives 20 points. A2 is,worst.,A2,worst,3,"[(-9.421875, -4.7109375, [-7.73046875, -1.6943359375])]",7241732096,mistralai_Mistral-7B-v0.1
Option A2 gives 5 points. Option A3 gives 10 points. Option A1 gives 20 points. A3 is,worst.,A3,worst,2,"[(-10.140625, -5.0703125, [-8.640625, -1.50390625])]",7241732096,mistralai_Mistral-7B-v0.1
Option A3 gives 5 points. Option A2 gives 10 points. Option A1 gives 20 points. A1 is,worst.,A1,worst,1,"[(-10.0234375, -5.01171875, [-8.4921875, -1.529296875])]",7241732096,mistralai_Mistral-7B-v0.1
Option A3 gives 5 points. Option A2 gives 10 points. Option A1 gives 20 points. A2 is,worst.,A2,worst,2,"[(-10.6796875, -5.33984375, [-8.9765625, -1.7001953125])]",7241732096,mistralai_Mistral-7B-v0.1
Option A3 gives 5 points. Option A2 gives 10 points. Option A1 gives 20 points. A3 is,worst.,A3,worst,3,"[(-8.6484375, -4.32421875, [-7.08203125, -1.5654296875])]",7241732096,mistralai_Mistral-7B-v0.1
Option A3 gives 5 points. Option A1 gives 10 points. Option A2 gives 20 points. A1 is,worst.,A1,worst,2,"[(-10.2578125, -5.12890625, [-8.5703125, -1.6845703125])]",7241732096,mistralai_Mistral-7B-v0.1
Option A3 gives 5 points. Option A1 gives 10 points. Option A2 gives 20 points. A2 is,worst.,A2,worst,1,"[(-10.4296875, -5.21484375, [-9.015625, -1.4169921875])]",7241732096,mistralai_Mistral-7B-v0.1
Option A3 gives 5 points. Option A1 gives 10 points. Option A2 gives 20 points. A3 is,worst.,A3,worst,3,"[(-8.859375, -4.4296875, [-7.29296875, -1.568359375])]",7241732096,mistralai_Mistral-7B-v0.1
Option A1 gives 5 points. Option A2 gives 20 points. Option A3 gives 10 points. A1 is,worst.,A1,worst,3,"[(-9.9453125, -4.97265625, [-8.21875, -1.7275390625])]",7241732096,mistralai_Mistral-7B-v0.1
Option A1 gives 5 points. Option A2 gives 20 points. Option A3 gives 10 points. A2 is,worst.,A2,worst,1,"[(-11.0703125, -5.53515625, [-9.4296875, -1.6396484375])]",7241732096,mistralai_Mistral-7B-v0.1
Option A1 gives 5 points. Option A2 gives 20 points. Option A3 gives 10 points. A3 is,worst.,A3,worst,2,"[(-9.6875, -4.84375, [-8.3203125, -1.369140625])]",7241732096,mistralai_Mistral-7B-v0.1
Option A1 gives 5 points. Option A3 gives 20 points. Option A2 gives 10 points. A1 is,worst.,A1,worst,3,"[(-9.15625, -4.578125, [-7.64453125, -1.5078125])]",7241732096,mistralai_Mistral-7B-v0.1
Option A1 gives 5 points. Option A3 gives 20 points. Option A2 gives 10 points. A2 is,worst.,A2,worst,2,"[(-9.984375, -4.9921875, [-8.59375, -1.388671875])]",7241732096,mistralai_Mistral-7B-v0.1
Option A1 gives 5 points. Option A3 gives 20 points. Option A2 gives 10 points. A3 is,worst.,A3,worst,1,"[(-10.4921875, -5.24609375, [-9.03125, -1.462890625])]",7241732096,mistralai_Mistral-7B-v0.1
Option A2 gives 5 points. Option A1 gives 20 points. Option A3 gives 10 points. A1 is,worst.,A1,worst,1,"[(-10.109375, -5.0546875, [-8.53125, -1.58203125])]",7241732096,mistralai_Mistral-7B-v0.1
Option A2 gives 5 points. Option A1 gives 20 points. Option A3 gives 10 points. A2 is,worst.,A2,worst,3,"[(-9.34375, -4.671875, [-7.83984375, -1.5048828125])]",7241732096,mistralai_Mistral-7B-v0.1
Option A2 gives 5 points. Option A1 gives 20 points. Option A3 gives 10 points. A3 is,worst.,A3,worst,2,"[(-9.3828125, -4.69140625, [-8.0625, -1.3193359375])]",7241732096,mistralai_Mistral-7B-v0.1
Option A2 gives 5 points. Option A3 gives 20 points. Option A1 gives 10 points. A1 is,worst.,A1,worst,2,"[(-9.609375, -4.8046875, [-8.0390625, -1.568359375])]",7241732096,mistralai_Mistral-7B-v0.1
Option A2 gives 5 points. Option A3 gives 20 points. Option A1 gives 10 points. A2 is,worst.,A2,worst,3,"[(-9.5390625, -4.76953125, [-7.91015625, -1.62890625])]",7241732096,mistralai_Mistral-7B-v0.1
Option A2 gives 5 points. Option A3 gives 20 points. Option A1 gives 10 points. A3 is,worst.,A3,worst,1,"[(-10.4921875, -5.24609375, [-9.0625, -1.431640625])]",7241732096,mistralai_Mistral-7B-v0.1
Option A3 gives 5 points. Option A2 gives 20 points. Option A1 gives 10 points. A1 is,worst.,A1,worst,2,"[(-9.1796875, -4.58984375, [-7.671875, -1.5048828125])]",7241732096,mistralai_Mistral-7B-v0.1
Option A3 gives 5 points. Option A2 gives 20 points. Option A1 gives 10 points. A2 is,worst.,A2,worst,1,"[(-10.328125, -5.1640625, [-8.78125, -1.54296875])]",7241732096,mistralai_Mistral-7B-v0.1
Option A3 gives 5 points. Option A2 gives 20 points. Option A1 gives 10 points. A3 is,worst.,A3,worst,3,"[(-8.71875, -4.359375, [-7.23828125, -1.4794921875])]",7241732096,mistralai_Mistral-7B-v0.1
Option A3 gives 5 points. Option A1 gives 20 points. Option A2 gives 10 points. A1 is,worst.,A1,worst,1,"[(-10.0546875, -5.02734375, [-8.4765625, -1.5771484375])]",7241732096,mistralai_Mistral-7B-v0.1
Option A3 gives 5 points. Option A1 gives 20 points. Option A2 gives 10 points. A2 is,worst.,A2,worst,2,"[(-9.9453125, -4.97265625, [-8.5078125, -1.4365234375])]",7241732096,mistralai_Mistral-7B-v0.1
Option A3 gives 5 points. Option A1 gives 20 points. Option A2 gives 10 points. A3 is,worst.,A3,worst,3,"[(-8.8046875, -4.40234375, [-7.31640625, -1.4873046875])]",7241732096,mistralai_Mistral-7B-v0.1
Option A1 gives 10 points. Option A2 gives 5 points. Option A3 gives 20 points. A1 is,worst.,A1,worst,2,"[(-10.8359375, -5.41796875, [-8.9921875, -1.8408203125])]",7241732096,mistralai_Mistral-7B-v0.1
Option A1 gives 10 points. Option A2 gives 5 points. Option A3 gives 20 points. A2 is,worst.,A2,worst,3,"[(-10.5, -5.25, [-8.84375, -1.6533203125])]",7241732096,mistralai_Mistral-7B-v0.1
Option A1 gives 10 points. Option A2 gives 5 points. Option A3 gives 20 points. A3 is,worst.,A3,worst,1,"[(-10.3828125, -5.19140625, [-9.0703125, -1.3134765625])]",7241732096,mistralai_Mistral-7B-v0.1
Option A1 gives 10 points. Option A3 gives 5 points. Option A2 gives 20 points. A1 is,worst.,A1,worst,2,"[(-9.5703125, -4.78515625, [-7.96484375, -1.6064453125])]",7241732096,mistralai_Mistral-7B-v0.1
Option A1 gives 10 points. Option A3 gives 5 points. Option A2 gives 20 points. A2 is,worst.,A2,worst,1,"[(-10.4921875, -5.24609375, [-9.1640625, -1.3291015625])]",7241732096,mistralai_Mistral-7B-v0.1
Option A1 gives 10 points. Option A3 gives 5 points. Option A2 gives 20 points. A3 is,worst.,A3,worst,3,"[(-9.4765625, -4.73828125, [-7.98046875, -1.4990234375])]",7241732096,mistralai_Mistral-7B-v0.1
Option A2 gives 10 points. Option A1 gives 5 points. Option A3 gives 20 points. A1 is,worst.,A1,worst,3,"[(-10.046875, -5.0234375, [-8.3984375, -1.6474609375])]",7241732096,mistralai_Mistral-7B-v0.1
Option A2 gives 10 points. Option A1 gives 5 points. Option A3 gives 20 points. A2 is,worst.,A2,worst,2,"[(-10.3203125, -5.16015625, [-8.703125, -1.6171875])]",7241732096,mistralai_Mistral-7B-v0.1
Option A2 gives 10 points. Option A1 gives 5 points. Option A3 gives 20 points. A3 is,worst.,A3,worst,1,"[(-10.171875, -5.0859375, [-8.8828125, -1.2880859375])]",7241732096,mistralai_Mistral-7B-v0.1
Option A2 gives 10 points. Option A3 gives 5 points. Option A1 gives 20 points. A1 is,worst.,A1,worst,1,"[(-9.9140625, -4.95703125, [-8.390625, -1.5205078125])]",7241732096,mistralai_Mistral-7B-v0.1
Option A2 gives 10 points. Option A3 gives 5 points. Option A1 gives 20 points. A2 is,worst.,A2,worst,2,"[(-9.8515625, -4.92578125, [-8.1328125, -1.71875])]",7241732096,mistralai_Mistral-7B-v0.1
Option A2 gives 10 points. Option A3 gives 5 points. Option A1 gives 20 points. A3 is,worst.,A3,worst,3,"[(-9.2734375, -4.63671875, [-7.78125, -1.4951171875])]",7241732096,mistralai_Mistral-7B-v0.1
Option A3 gives 10 points. Option A2 gives 5 points. Option A1 gives 20 points. A1 is,worst.,A1,worst,1,"[(-9.6953125, -4.84765625, [-8.234375, -1.4609375])]",7241732096,mistralai_Mistral-7B-v0.1
Option A3 gives 10 points. Option A2 gives 5 points. Option A1 gives 20 points. A2 is,worst.,A2,worst,3,"[(-10.203125, -5.1015625, [-8.5390625, -1.66015625])]",7241732096,mistralai_Mistral-7B-v0.1
Option A3 gives 10 points. Option A2 gives 5 points. Option A1 gives 20 points. A3 is,worst.,A3,worst,2,"[(-9.4296875, -4.71484375, [-7.8671875, -1.5595703125])]",7241732096,mistralai_Mistral-7B-v0.1
Option A3 gives 10 points. Option A1 gives 5 points. Option A2 gives 20 points. A1 is,worst.,A1,worst,3,"[(-10.3125, -5.15625, [-8.6640625, -1.64453125])]",7241732096,mistralai_Mistral-7B-v0.1
Option A3 gives 10 points. Option A1 gives 5 points. Option A2 gives 20 points. A2 is,worst.,A2,worst,1,"[(-10.359375, -5.1796875, [-8.984375, -1.37890625])]",7241732096,mistralai_Mistral-7B-v0.1
Option A3 gives 10 points. Option A1 gives 5 points. Option A2 gives 20 points. A3 is,worst.,A3,worst,2,"[(-9.6171875, -4.80859375, [-8.0390625, -1.5751953125])]",7241732096,mistralai_Mistral-7B-v0.1
Option A1 gives 10 points. Option A2 gives 20 points. Option A3 gives 5 points. A1 is,worst.,A1,worst,2,"[(-11.109375, -5.5546875, [-9.1640625, -1.9443359375])]",7241732096,mistralai_Mistral-7B-v0.1
Option A1 gives 10 points. Option A2 gives 20 points. Option A3 gives 5 points. A2 is,worst.,A2,worst,1,"[(-11.375, -5.6875, [-9.625, -1.748046875])]",7241732096,mistralai_Mistral-7B-v0.1
Option A1 gives 10 points. Option A2 gives 20 points. Option A3 gives 5 points. A3 is,worst.,A3,worst,3,"[(-9.0234375, -4.51171875, [-7.62890625, -1.3955078125])]",7241732096,mistralai_Mistral-7B-v0.1
Option A1 gives 10 points. Option A3 gives 20 points. Option A2 gives 5 points. A1 is,worst.,A1,worst,2,"[(-9.625, -4.8125, [-7.98828125, -1.640625])]",7241732096,mistralai_Mistral-7B-v0.1
Option A1 gives 10 points. Option A3 gives 20 points. Option A2 gives 5 points. A2 is,worst.,A2,worst,3,"[(-9.1796875, -4.58984375, [-7.7890625, -1.3876953125])]",7241732096,mistralai_Mistral-7B-v0.1
Option A1 gives 10 points. Option A3 gives 20 points. Option A2 gives 5 points. A3 is,worst.,A3,worst,1,"[(-10.6484375, -5.32421875, [-9.09375, -1.552734375])]",7241732096,mistralai_Mistral-7B-v0.1
Option A2 gives 10 points. Option A1 gives 20 points. Option A3 gives 5 points. A1 is,worst.,A1,worst,1,"[(-10.4296875, -5.21484375, [-8.71875, -1.708984375])]",7241732096,mistralai_Mistral-7B-v0.1
Option A2 gives 10 points. Option A1 gives 20 points. Option A3 gives 5 points. A2 is,worst.,A2,worst,2,"[(-9.703125, -4.8515625, [-8.0859375, -1.6162109375])]",7241732096,mistralai_Mistral-7B-v0.1
Option A2 gives 10 points. Option A1 gives 20 points. Option A3 gives 5 points. A3 is,worst.,A3,worst,3,"[(-8.65625, -4.328125, [-7.34375, -1.3134765625])]",7241732096,mistralai_Mistral-7B-v0.1
Option A2 gives 10 points. Option A3 gives 20 points. Option A1 gives 5 points. A1 is,worst.,A1,worst,3,"[(-9.203125, -4.6015625, [-7.60546875, -1.6015625])]",7241732096,mistralai_Mistral-7B-v0.1
Option A2 gives 10 points. Option A3 gives 20 points. Option A1 gives 5 points. A2 is,worst.,A2,worst,2,"[(-9.8359375, -4.91796875, [-8.078125, -1.759765625])]",7241732096,mistralai_Mistral-7B-v0.1
Option A2 gives 10 points. Option A3 gives 20 points. Option A1 gives 5 points. A3 is,worst.,A3,worst,1,"[(-10.59375, -5.296875, [-9.0546875, -1.53515625])]",7241732096,mistralai_Mistral-7B-v0.1
Option A3 gives 10 points. Option A2 gives 20 points. Option A1 gives 5 points. A1 is,worst.,A1,worst,3,"[(-8.765625, -4.3828125, [-7.20703125, -1.560546875])]",7241732096,mistralai_Mistral-7B-v0.1
Option A3 gives 10 points. Option A2 gives 20 points. Option A1 gives 5 points. A2 is,worst.,A2,worst,1,"[(-10.5, -5.25, [-8.859375, -1.64453125])]",7241732096,mistralai_Mistral-7B-v0.1
Option A3 gives 10 points. Option A2 gives 20 points. Option A1 gives 5 points. A3 is,worst.,A3,worst,2,"[(-8.7734375, -4.38671875, [-7.23046875, -1.5419921875])]",7241732096,mistralai_Mistral-7B-v0.1
Option A3 gives 10 points. Option A1 gives 20 points. Option A2 gives 5 points. A1 is,worst.,A1,worst,1,"[(-10.40625, -5.203125, [-8.7265625, -1.6787109375])]",7241732096,mistralai_Mistral-7B-v0.1
Option A3 gives 10 points. Option A1 gives 20 points. Option A2 gives 5 points. A2 is,worst.,A2,worst,3,"[(-9.328125, -4.6640625, [-7.90234375, -1.4267578125])]",7241732096,mistralai_Mistral-7B-v0.1
Option A3 gives 10 points. Option A1 gives 20 points. Option A2 gives 5 points. A3 is,worst.,A3,worst,2,"[(-9.1484375, -4.57421875, [-7.59375, -1.5556640625])]",7241732096,mistralai_Mistral-7B-v0.1
Option A1 gives 20 points. Option A2 gives 10 points. Option A3 gives 5 points. A1 is,worst.,A1,worst,1,"[(-11.2265625, -5.61328125, [-9.3125, -1.9130859375])]",7241732096,mistralai_Mistral-7B-v0.1
Option A1 gives 20 points. Option A2 gives 10 points. Option A3 gives 5 points. A2 is,worst.,A2,worst,2,"[(-10.8125, -5.40625, [-9.015625, -1.796875])]",7241732096,mistralai_Mistral-7B-v0.1
Option A1 gives 20 points. Option A2 gives 10 points. Option A3 gives 5 points. A3 is,worst.,A3,worst,3,"[(-8.6875, -4.34375, [-7.37890625, -1.3076171875])]",7241732096,mistralai_Mistral-7B-v0.1
Option A1 gives 20 points. Option A3 gives 10 points. Option A2 gives 5 points. A1 is,worst.,A1,worst,1,"[(-10.109375, -5.0546875, [-8.453125, -1.654296875])]",7241732096,mistralai_Mistral-7B-v0.1
Option A1 gives 20 points. Option A3 gives 10 points. Option A2 gives 5 points. A2 is,worst.,A2,worst,3,"[(-8.6484375, -4.32421875, [-7.30859375, -1.3369140625])]",7241732096,mistralai_Mistral-7B-v0.1
Option A1 gives 20 points. Option A3 gives 10 points. Option A2 gives 5 points. A3 is,worst.,A3,worst,2,"[(-9.3125, -4.65625, [-7.78515625, -1.5234375])]",7241732096,mistralai_Mistral-7B-v0.1
Option A2 gives 20 points. Option A1 gives 10 points. Option A3 gives 5 points. A1 is,worst.,A1,worst,2,"[(-10.046875, -5.0234375, [-8.3515625, -1.6923828125])]",7241732096,mistralai_Mistral-7B-v0.1
Option A2 gives 20 points. Option A1 gives 10 points. Option A3 gives 5 points. A2 is,worst.,A2,worst,1,"[(-10.84375, -5.421875, [-9.125, -1.7158203125])]",7241732096,mistralai_Mistral-7B-v0.1
Option A2 gives 20 points. Option A1 gives 10 points. Option A3 gives 5 points. A3 is,worst.,A3,worst,3,"[(-8.4140625, -4.20703125, [-7.12109375, -1.29296875])]",7241732096,mistralai_Mistral-7B-v0.1
Option A2 gives 20 points. Option A3 gives 10 points. Option A1 gives 5 points. A1 is,worst.,A1,worst,3,"[(-8.84375, -4.421875, [-7.3203125, -1.5205078125])]",7241732096,mistralai_Mistral-7B-v0.1
Option A2 gives 20 points. Option A3 gives 10 points. Option A1 gives 5 points. A2 is,worst.,A2,worst,1,"[(-10.40625, -5.203125, [-8.6015625, -1.8056640625])]",7241732096,mistralai_Mistral-7B-v0.1
Option A2 gives 20 points. Option A3 gives 10 points. Option A1 gives 5 points. A3 is,worst.,A3,worst,2,"[(-9.28125, -4.640625, [-7.7421875, -1.5400390625])]",7241732096,mistralai_Mistral-7B-v0.1
Option A3 gives 20 points. Option A2 gives 10 points. Option A1 gives 5 points. A1 is,worst.,A1,worst,3,"[(-9.109375, -4.5546875, [-7.6015625, -1.5078125])]",7241732096,mistralai_Mistral-7B-v0.1
Option A3 gives 20 points. Option A2 gives 10 points. Option A1 gives 5 points. A2 is,worst.,A2,worst,2,"[(-10.7421875, -5.37109375, [-8.8671875, -1.8779296875])]",7241732096,mistralai_Mistral-7B-v0.1
Option A3 gives 20 points. Option A2 gives 10 points. Option A1 gives 5 points. A3 is,worst.,A3,worst,1,"[(-10.46875, -5.234375, [-8.8046875, -1.6611328125])]",7241732096,mistralai_Mistral-7B-v0.1
Option A3 gives 20 points. Option A1 gives 10 points. Option A2 gives 5 points. A1 is,worst.,A1,worst,2,"[(-10.0546875, -5.02734375, [-8.3984375, -1.6591796875])]",7241732096,mistralai_Mistral-7B-v0.1
Option A3 gives 20 points. Option A1 gives 10 points. Option A2 gives 5 points. A2 is,worst.,A2,worst,3,"[(-9.015625, -4.5078125, [-7.62890625, -1.38671875])]",7241732096,mistralai_Mistral-7B-v0.1
Option A3 gives 20 points. Option A1 gives 10 points. Option A2 gives 5 points. A3 is,worst.,A3,worst,1,"[(-10.3203125, -5.16015625, [-8.671875, -1.646484375])]",7241732096,mistralai_Mistral-7B-v0.1
Option A1 gives 20 points. Option A2 gives 5 points. Option A3 gives 10 points. A1 is,worst.,A1,worst,1,"[(-10.890625, -5.4453125, [-9.015625, -1.87109375])]",7241732096,mistralai_Mistral-7B-v0.1
Option A1 gives 20 points. Option A2 gives 5 points. Option A3 gives 10 points. A2 is,worst.,A2,worst,3,"[(-10.125, -5.0625, [-8.4375, -1.685546875])]",7241732096,mistralai_Mistral-7B-v0.1
Option A1 gives 20 points. Option A2 gives 5 points. Option A3 gives 10 points. A3 is,worst.,A3,worst,2,"[(-10.0703125, -5.03515625, [-8.6953125, -1.3740234375])]",7241732096,mistralai_Mistral-7B-v0.1
Option A1 gives 20 points. Option A3 gives 5 points. Option A2 gives 10 points. A1 is,worst.,A1,worst,1,"[(-9.8046875, -4.90234375, [-8.203125, -1.603515625])]",7241732096,mistralai_Mistral-7B-v0.1
Option A1 gives 20 points. Option A3 gives 5 points. Option A2 gives 10 points. A2 is,worst.,A2,worst,2,"[(-10.5078125, -5.25390625, [-9.1171875, -1.390625])]",7241732096,mistralai_Mistral-7B-v0.1
Option A1 gives 20 points. Option A3 gives 5 points. Option A2 gives 10 points. A3 is,worst.,A3,worst,3,"[(-9.015625, -4.5078125, [-7.56640625, -1.4501953125])]",7241732096,mistralai_Mistral-7B-v0.1
Option A2 gives 20 points. Option A1 gives 5 points. Option A3 gives 10 points. A1 is,worst.,A1,worst,3,"[(-9.609375, -4.8046875, [-7.91015625, -1.697265625])]",7241732096,mistralai_Mistral-7B-v0.1
Option A2 gives 20 points. Option A1 gives 5 points. Option A3 gives 10 points. A2 is,worst.,A2,worst,1,"[(-10.40625, -5.203125, [-8.7578125, -1.6455078125])]",7241732096,mistralai_Mistral-7B-v0.1
Option A2 gives 20 points. Option A1 gives 5 points. Option A3 gives 10 points. A3 is,worst.,A3,worst,2,"[(-10.0703125, -5.03515625, [-8.703125, -1.369140625])]",7241732096,mistralai_Mistral-7B-v0.1
Option A2 gives 20 points. Option A3 gives 5 points. Option A1 gives 10 points. A1 is,worst.,A1,worst,2,"[(-9.7890625, -4.89453125, [-8.2109375, -1.580078125])]",7241732096,mistralai_Mistral-7B-v0.1
Option A2 gives 20 points. Option A3 gives 5 points. Option A1 gives 10 points. A2 is,worst.,A2,worst,1,"[(-10.0, -5.0, [-8.2890625, -1.70703125])]",7241732096,mistralai_Mistral-7B-v0.1
Option A2 gives 20 points. Option A3 gives 5 points. Option A1 gives 10 points. A3 is,worst.,A3,worst,3,"[(-9.0390625, -4.51953125, [-7.578125, -1.462890625])]",7241732096,mistralai_Mistral-7B-v0.1
Option A3 gives 20 points. Option A2 gives 5 points. Option A1 gives 10 points. A1 is,worst.,A1,worst,2,"[(-9.5, -4.75, [-7.9609375, -1.537109375])]",7241732096,mistralai_Mistral-7B-v0.1
Option A3 gives 20 points. Option A2 gives 5 points. Option A1 gives 10 points. A2 is,worst.,A2,worst,3,"[(-9.5859375, -4.79296875, [-7.921875, -1.6650390625])]",7241732096,mistralai_Mistral-7B-v0.1
Option A3 gives 20 points. Option A2 gives 5 points. Option A1 gives 10 points. A3 is,worst.,A3,worst,1,"[(-9.6796875, -4.83984375, [-8.109375, -1.5693359375])]",7241732096,mistralai_Mistral-7B-v0.1
Option A3 gives 20 points. Option A1 gives 5 points. Option A2 gives 10 points. A1 is,worst.,A1,worst,3,"[(-9.7890625, -4.89453125, [-8.1015625, -1.685546875])]",7241732096,mistralai_Mistral-7B-v0.1
Option A3 gives 20 points. Option A1 gives 5 points. Option A2 gives 10 points. A2 is,worst.,A2,worst,2,"[(-10.4765625, -5.23828125, [-8.9765625, -1.498046875])]",7241732096,mistralai_Mistral-7B-v0.1
Option A3 gives 20 points. Option A1 gives 5 points. Option A2 gives 10 points. A3 is,worst.,A3,worst,1,"[(-9.8828125, -4.94140625, [-8.2734375, -1.6123046875])]",7241732096,mistralai_Mistral-7B-v0.1
